"0","predict_singles_accuracy(""pos"", ""68"", 40, 10, 30)"
"1","   [1]"
"1"," 0.3709501"
"1"," 0.3511620"
"1"," 0.3548526"
"1"," 0.3539627"
"1"," 0.3901659"
"1"," 0.3743587"
"1"," 0.3782892"
"1"," 0.3675539"
"1"," 0.3693684"
"1"," 0.3685692"
"1"," 0.3748425"
"1"," 0.3770623"
"1"," 0.3673686"
"1"," 0.3781029"
"1","
"
"1","  [15]"
"1"," 0.3685149"
"1"," 0.3762668"
"1"," 0.3803949"
"1"," 0.3641913"
"1"," 0.3708992"
"1"," 0.3774219"
"1"," 0.3644725"
"1"," 0.3754609"
"1"," 0.3920809"
"1"," 0.3509330"
"1"," 0.3642441"
"1"," 0.3896734"
"1"," 0.3657428"
"1"," 0.3569555"
"1","
"
"1","  [29]"
"1"," 0.3543808"
"1"," 0.3846160"
"1"," 0.3544906"
"1"," 0.3504700"
"1"," 0.3651875"
"1"," 0.3789324"
"1"," 0.3658098"
"1"," 0.3834426"
"1"," 0.3673467"
"1"," 0.3785918"
"1"," 0.3799423"
"1"," 0.3799821"
"1"," 0.3756369"
"1"," 0.3656508"
"1","
"
"1","  [43]"
"1"," 0.3803552"
"1"," 0.3589034"
"1"," 0.3974187"
"1"," 0.3853658"
"1"," 0.3853830"
"1"," 0.3709508"
"1"," 0.3773686"
"1"," 0.3560061"
"1"," 0.3863190"
"1"," 0.3647254"
"1"," 0.3782477"
"1"," 0.3707558"
"1"," 0.3915497"
"1"," 0.3647620"
"1","
"
"1","  [57]"
"1"," 0.3597286"
"1"," 0.3742415"
"1"," 0.3776539"
"1"," 0.3650453"
"1"," 0.3597118"
"1"," 0.3623522"
"1"," 0.3779044"
"1"," 0.3773012"
"1"," 0.3553435"
"1"," 0.3921522"
"1"," 0.3507997"
"1"," 0.3825540"
"1"," 0.3610179"
"1"," 0.3842814"
"1","
"
"1","  [71]"
"1"," 0.3844397"
"1"," 0.3574631"
"1"," 0.3618049"
"1"," 0.3683362"
"1"," 0.3691683"
"1"," 0.3738225"
"1"," 0.3751186"
"1"," 0.3640543"
"1"," 0.3755726"
"1"," 0.3755913"
"1"," 0.3659178"
"1"," 0.3771999"
"1"," 0.3651442"
"1"," 0.3749836"
"1","
"
"1","  [85]"
"1"," 0.3618416"
"1"," 0.3640232"
"1"," 0.3780206"
"1"," 0.3787003"
"1"," 0.3669863"
"1"," 0.3692261"
"1"," 0.3773473"
"1"," 0.3554084"
"1"," 0.3739977"
"1"," 0.3686482"
"1"," 0.3761506"
"1"," 0.3623217"
"1"," 0.3894755"
"1"," 0.3818646"
"1","
"
"1","  [99]"
"1"," 0.3705419"
"1"," 0.3696175"
"1"," 0.3699276"
"1"," 0.3751285"
"1"," 0.3704956"
"1"," 0.3747097"
"1"," 0.3956284"
"1"," 0.3914460"
"1"," 0.3497526"
"1"," 0.3642593"
"1"," 0.3808235"
"1"," 0.3862347"
"1"," 0.3693406"
"1"," 0.3752128"
"1","
"
"1"," [113]"
"1"," 0.3649317"
"1"," 0.3587112"
"1"," 0.3802583"
"1"," 0.3865912"
"1"," 0.3472322"
"1"," 0.3685985"
"1"," 0.3833826"
"1"," 0.3510785"
"1"," 0.3683212"
"1"," 0.3624913"
"1"," 0.3533992"
"1"," 0.3636092"
"1"," 0.3689394"
"1"," 0.3594737"
"1","
"
"1"," [127]"
"1"," 0.3576459"
"1"," 0.3684907"
"1"," 0.3720691"
"1"," 0.3707677"
"1"," 0.3695119"
"1"," 0.3686173"
"1"," 0.3724316"
"1"," 0.3846881"
"1"," 0.3587206"
"1"," 0.3662806"
"1"," 0.3760073"
"1"," 0.3772312"
"1"," 0.3649361"
"1"," 0.3558578"
"1","
"
"1"," [141]"
"1"," 0.3875416"
"1"," 0.3722571"
"1"," 0.3700436"
"1"," 0.3690105"
"1"," 0.3645311"
"1"," 0.3692885"
"1"," 0.3692885"
"1"," 0.3739799"
"1"," 0.3708110"
"1"," 0.3682028"
"1"," 0.3725119"
"1"," 0.3745503"
"1"," 0.3655502"
"1"," 0.3893523"
"1","
"
"1"," [155]"
"1"," 0.3961686"
"1"," 0.4102270"
"1"," 0.3408506"
"1"," 0.3674196"
"1"," 0.3837485"
"1"," 0.3846063"
"1"," 0.3574585"
"1"," 0.3953504"
"1"," 0.3584621"
"1"," 0.3753947"
"1"," 0.3666274"
"1"," 0.3701610"
"1"," 0.3601894"
"1"," 0.3637081"
"1","
"
"1"," [169]"
"1"," 0.3907497"
"1"," 0.3671820"
"1"," 0.3594717"
"1"," 0.3786352"
"1"," 0.3712722"
"1"," 0.3792124"
"1"," 0.3704460"
"1"," 0.3686297"
"1"," 0.3804786"
"1"," 0.3616096"
"1"," 0.3802593"
"1"," 0.3624739"
"1"," 0.3810650"
"1"," 0.3765149"
"1","
"
"1"," [183]"
"1"," 0.3773140"
"1"," 0.3721374"
"1"," 0.3753799"
"1"," 0.3611189"
"1"," 0.3637487"
"1"," 0.3660475"
"1"," 0.3636696"
"1"," 0.3783976"
"1"," 0.3751689"
"1"," 0.3579303"
"1"," 0.3793329"
"1"," 0.3636187"
"1"," 0.3692997"
"1"," 0.3608989"
"1","
"
"1"," [197]"
"1"," 0.3813611"
"1"," 0.3790728"
"1"," 0.3716763"
"1"," 0.3775856"
"1"," 0.3517384"
"1"," 0.3542746"
"1"," 0.3831690"
"1"," 0.3671207"
"1"," 0.3758319"
"1"," 0.3542952"
"1"," 0.3717313"
"1"," 0.3702698"
"1"," 0.3651519"
"1"," 0.3888460"
"1","
"
"1"," [211]"
"1"," 0.3560319"
"1"," 0.3652588"
"1"," 0.3568346"
"1"," 0.3518850"
"1"," 0.3548990"
"1"," 0.3591954"
"1"," 0.3740190"
"1"," 0.3651212"
"1"," 0.3861314"
"1"," 0.3559351"
"1"," 0.3653440"
"1"," 0.3753052"
"1"," 0.3718402"
"1"," 0.3659996"
"1","
"
"1"," [225]"
"1"," 0.3631680"
"1"," 0.3577317"
"1"," 0.3562335"
"1"," 0.3583261"
"1"," 0.3733617"
"1"," 0.3693218"
"1"," 0.3779610"
"1"," 0.3753725"
"1"," 0.3629187"
"1"," 0.3811266"
"1"," 0.3908273"
"1"," 0.3687841"
"1"," 0.3705953"
"1"," 0.3844121"
"1","
"
"1"," [239]"
"1"," 0.3662042"
"1"," 0.3659311"
"1"," 0.3659853"
"1"," 0.3534497"
"1"," 0.3520561"
"1"," 0.3521074"
"1"," 0.3844119"
"1"," 0.3756933"
"1"," 0.3744992"
"1"," 0.3626619"
"1"," 0.3672395"
"1"," 0.3514064"
"1"," 0.3870063"
"1"," 0.3669380"
"1","
"
"1"," [253]"
"1"," 0.3742964"
"1"," 0.3659515"
"1"," 0.3713790"
"1"," 0.3677689"
"1"," 0.3767557"
"1"," 0.3716991"
"1"," 0.3717369"
"1"," 0.3665846"
"1"," 0.3685972"
"1"," 0.3580674"
"1"," 0.3631297"
"1"," 0.3537686"
"1"," 0.3904069"
"1"," 0.3675794"
"1","
"
"1"," [267]"
"1"," 0.3707405"
"1"," 0.3822767"
"1"," 0.3898245"
"1"," 0.3525446"
"1"," 0.3779791"
"1"," 0.3766608"
"1"," 0.3660340"
"1"," 0.3787047"
"1"," 0.3725512"
"1"," 0.3749852"
"1"," 0.3773259"
"1"," 0.3657758"
"1"," 0.3609291"
"1"," 0.3691345"
"1","
"
"1"," [281]"
"1"," 0.3688698"
"1"," 0.3747559"
"1"," 0.3772962"
"1"," 0.3670042"
"1"," 0.3701088"
"1"," 0.3743624"
"1"," 0.3653160"
"1"," 0.3678727"
"1"," 0.3629589"
"1"," 0.3704048"
"1"," 0.3702171"
"1"," 0.3742121"
"1"," 0.3761550"
"1"," 0.3818828"
"1","
"
"1"," [295]"
"1"," 0.3680214"
"1"," 0.3773155"
"1"," 0.3615254"
"1"," 0.3790373"
"1"," 0.3934208"
"1"," 0.3927491"
"1"," 0.3524075"
"1"," 0.3550210"
"1"," 0.3836080"
"1"," 0.3580653"
"1"," 0.3568360"
"1"," 0.3675628"
"1"," 0.3636120"
"1"," 0.3639576"
"1","
"
"1"," [309]"
"1"," 0.3683703"
"1"," 0.3617169"
"1"," 0.3605193"
"1"," 0.3709819"
"1"," 0.3517798"
"1"," 0.3513957"
"1"," 0.3837687"
"1"," 0.3547875"
"1"," 0.3640984"
"1"," 0.3544733"
"1"," 0.3884511"
"1"," 0.3784499"
"1"," 0.3736927"
"1"," 0.3700844"
"1","
"
"1"," [323]"
"1"," 0.3708711"
"1"," 0.3612647"
"1"," 0.3634558"
"1"," 0.3679851"
"1"," 0.3313830"
"1"," 0.3636179"
"1"," 0.3563709"
"1"," 0.3742748"
"1"," 0.3674517"
"1"," 0.3778891"
"1"," 0.3675478"
"1"," 0.3605805"
"1"," 0.3834817"
"1"," 0.3536343"
"1","
"
"1"," [337]"
"1"," 0.3812866"
"1"," 0.3584118"
"1"," 0.3853311"
"1"," 0.3786794"
"1"," 0.3693955"
"1"," 0.3577897"
"1"," 0.3756429"
"1"," 0.3694650"
"1"," 0.3587708"
"1"," 0.3798178"
"1"," 0.3655144"
"1"," 0.3722916"
"1"," 0.3681422"
"1"," 0.3658352"
"1","
"
"1"," [351]"
"1"," 0.3610036"
"1"," 0.3935088"
"1"," 0.3453444"
"1"," 0.3462660"
"1"," 0.3786643"
"1"," 0.3591516"
"1"," 0.3571049"
"1"," 0.3634350"
"1"," 0.3610852"
"1"," 0.3731338"
"1"," 0.3691572"
"1"," 0.3723113"
"1"," 0.3550131"
"1"," 0.3780080"
"1","
"
"1"," [365]"
"1"," 0.3602258"
"1"," 0.3623926"
"1"," 0.3789442"
"1"," 0.3732094"
"1"," 0.3794110"
"1"," 0.3777052"
"1"," 0.3622139"
"1"," 0.3541030"
"1"," 0.3740517"
"1"," 0.3469137"
"1"," 0.3682976"
"1"," 0.3681894"
"1"," 0.3740652"
"1"," 0.3720547"
"1","
"
"1"," [379]"
"1"," 0.3582888"
"1"," 0.3777629"
"1"," 0.3709492"
"1"," 0.3745647"
"1"," 0.3761499"
"1"," 0.3638754"
"1"," 0.3755525"
"1"," 0.3855634"
"1"," 0.3373342"
"1"," 0.3721935"
"1"," 0.3798076"
"1"," 0.3748909"
"1"," 0.3768406"
"1"," 0.3846386"
"1","
"
"1"," [393]"
"1"," 0.3545302"
"1"," 0.3841111"
"1"," 0.3717106"
"1"," 0.3667287"
"1"," 0.3564189"
"1"," 0.3753394"
"1"," 0.3692573"
"1"," 0.3788708"
"1"," 0.3841640"
"1"," 0.3711398"
"1"," 0.3715034"
"1"," 0.3766580"
"1"," 0.3627734"
"1"," 0.3685349"
"1","
"
"1"," [407]"
"1"," 0.3716959"
"1"," 0.3645708"
"1"," 0.3734019"
"1"," 0.3773508"
"1"," 0.3621032"
"1"," 0.3572187"
"1"," 0.3881646"
"1"," 0.3584539"
"1"," 0.3614489"
"1"," 0.3761897"
"1"," 0.3747376"
"1"," 0.3654799"
"1"," 0.3682384"
"1"," 0.3767620"
"1","
"
"1"," [421]"
"1"," 0.3630708"
"1"," 0.3789344"
"1"," 0.3759573"
"1"," 0.3538152"
"1"," 0.3866460"
"1"," 0.3908178"
"1"," 0.3659872"
"1"," 0.3844242"
"1"," 0.3716401"
"1"," 0.3719013"
"1"," 0.3725265"
"1"," 0.3827461"
"1"," 0.3784171"
"1"," 0.3770528"
"1","
"
"1"," [435]"
"1"," 0.3774891"
"1"," 0.3649078"
"1"," 0.3639163"
"1"," 0.3645991"
"1"," 0.3750709"
"1"," 0.3668407"
"1"," 0.3727931"
"1"," 0.3734495"
"1"," 0.3835560"
"1"," 0.3790452"
"1"," 0.3767921"
"1"," 0.3742578"
"1"," 0.3808241"
"1"," 0.3667388"
"1","
"
"1"," [449]"
"1"," 0.3632305"
"1"," 0.3578428"
"1"," 0.3801118"
"1"," 0.3629932"
"1"," 0.3529417"
"1"," 0.3582040"
"1"," 0.3833926"
"1"," 0.3700864"
"1"," 0.3484262"
"1"," 0.3689296"
"1"," 0.3877451"
"1"," 0.3688034"
"1"," 0.3640494"
"1"," 0.3740996"
"1","
"
"1"," [463]"
"1"," 0.3710936"
"1"," 0.3687555"
"1"," 0.3736597"
"1"," 0.3803697"
"1"," 0.3787122"
"1"," 0.3583897"
"1"," 0.3627381"
"1"," 0.3641426"
"1"," 0.3761426"
"1"," 0.3667645"
"1"," 0.3566668"
"1"," 0.3978159"
"1"," 0.3754940"
"1"," 0.3755843"
"1","
"
"1"," [477]"
"1"," 0.3509038"
"1"," 0.3853479"
"1"," 0.3762508"
"1"," 0.3798825"
"1"," 0.3807941"
"1"," 0.3616131"
"1"," 0.3721983"
"1"," 0.3561547"
"1"," 0.3497058"
"1"," 0.3513643"
"1"," 0.3676219"
"1"," 0.3574563"
"1"," 0.3858295"
"1"," 0.3814245"
"1","
"
"1"," [491]"
"1"," 0.3710726"
"1"," 0.3706476"
"1"," 0.3910450"
"1"," 0.3523984"
"1"," 0.3462348"
"1"," 0.3954535"
"1"," 0.3771301"
"1"," 0.3686807"
"1"," 0.3832035"
"1"," 0.3484536"
"1"," 0.3365132"
"1"," 0.3656611"
"1"," 0.3741930"
"1"," 0.3837585"
"1","
"
"1"," [505]"
"1"," 0.3532303"
"1"," 0.3574933"
"1"," 0.3680906"
"1"," 0.3634070"
"1"," 0.3815379"
"1"," 0.3603023"
"1"," 0.3481552"
"1"," 0.3765400"
"1"," 0.3828651"
"1"," 0.3900439"
"1"," 0.3644369"
"1"," 0.3735984"
"1"," 0.3814049"
"1"," 0.3609242"
"1","
"
"1"," [519]"
"1"," 0.3790943"
"1"," 0.3602655"
"1"," 0.3892353"
"1"," 0.3889023"
"1"," 0.4016075"
"1"," 0.3456133"
"1"," 0.3661011"
"1"," 0.3743905"
"1"," 0.3642069"
"1"," 0.3597771"
"1"," 0.3860392"
"1"," 0.3633813"
"1"," 0.3631282"
"1"," 0.3809780"
"1","
"
"1"," [533]"
"1"," 0.3541626"
"1"," 0.3860700"
"1"," 0.3524068"
"1"," 0.3805691"
"1"," 0.3792930"
"1"," 0.3819764"
"1"," 0.3788503"
"1"," 0.3711141"
"1"," 0.3654313"
"1"," 0.3757584"
"1"," 0.3667791"
"1"," 0.3803563"
"1"," 0.3707796"
"1"," 0.3685907"
"1","
"
"1"," [547]"
"1"," 0.3625026"
"1"," 0.3640462"
"1"," 0.3773753"
"1"," 0.3814688"
"1"," 0.3588829"
"1"," 0.3618358"
"1"," 0.3679431"
"1"," 0.3674016"
"1"," 0.3812363"
"1"," 0.3619497"
"1"," 0.3635356"
"1"," 0.3843849"
"1"," 0.3706011"
"1"," 0.3581436"
"1","
"
"1"," [561]"
"1"," 0.3797216"
"1"," 0.3677989"
"1"," 0.3743434"
"1"," 0.3789874"
"1"," 0.3770351"
"1"," 0.3779489"
"1"," 0.3810638"
"1"," 0.3664425"
"1"," 0.3657747"
"1"," 0.3476155"
"1"," 0.3598209"
"1"," 0.3642239"
"1"," 0.3789938"
"1"," 0.3780469"
"1","
"
"1"," [575]"
"1"," 0.3639666"
"1"," 0.3780042"
"1"," 0.3699812"
"1"," 0.3406141"
"1"," 0.3414448"
"1"," 0.4112251"
"1"," 0.3392380"
"1"," 0.3540487"
"1"," 0.3761000"
"1"," 0.3574767"
"1"," 0.3858142"
"1"," 0.3956956"
"1"," 0.3897137"
"1"," 0.3538073"
"1","
"
"1"," [589]"
"1"," 0.3657632"
"1"," 0.3699961"
"1"," 0.3708417"
"1"," 0.3668944"
"1"," 0.3772743"
"1"," 0.3600965"
"1"," 0.3855803"
"1"," 0.3583560"
"1"," 0.3871894"
"1"," 0.3586157"
"1"," 0.3659542"
"1"," 0.3723634"
"1"," 0.3719026"
"1"," 0.3682431"
"1","
"
"1"," [603]"
"1"," 0.3705507"
"1"," 0.3739000"
"1"," 0.3737977"
"1"," 0.3700518"
"1"," 0.3716482"
"1"," 0.3942344"
"1"," 0.3910026"
"1"," 0.3806306"
"1"," 0.3551816"
"1"," 0.3810802"
"1"," 0.3722841"
"1"," 0.3644521"
"1"," 0.3608307"
"1"," 0.3674135"
"1","
"
"1"," [617]"
"1"," 0.3563674"
"1"," 0.3534767"
"1"," 0.3769981"
"1"," 0.3790732"
"1"," 0.3584933"
"1"," 0.3488119"
"1"," 0.3759989"
"1"," 0.3684616"
"1"," 0.3743765"
"1"," 0.3737210"
"1"," 0.3667206"
"1"," 0.3759429"
"1"," 0.3841863"
"1"," 0.3882841"
"1","
"
"1"," [631]"
"1"," 0.3349764"
"1"," 0.3326148"
"1"," 0.3395720"
"1"," 0.3913289"
"1"," 0.3519373"
"1"," 0.3844800"
"1"," 0.3554509"
"1"," 0.3876450"
"1"," 0.3797720"
"1"," 0.3715976"
"1"," 0.3681848"
"1"," 0.3738102"
"1"," 0.3567867"
"1"," 0.3522339"
"1","
"
"1"," [645]"
"1"," 0.3633175"
"1"," 0.3647639"
"1"," 0.3623678"
"1"," 0.3749592"
"1"," 0.3801559"
"1"," 0.3841130"
"1"," 0.3856130"
"1"," 0.3867148"
"1"," 0.3657012"
"1"," 0.3798680"
"1"," 0.3776049"
"1"," 0.3793619"
"1"," 0.3761502"
"1"," 0.3716877"
"1","
"
"1"," [659]"
"1"," 0.3730296"
"1"," 0.3687676"
"1"," 0.3657781"
"1"," 0.3876694"
"1"," 0.3845249"
"1"," 0.3608601"
"1"," 0.3771981"
"1"," 0.3658097"
"1"," 0.3614663"
"1"," 0.3660522"
"1"," 0.3628695"
"1"," 0.3834208"
"1"," 0.3605449"
"1"," 0.3710047"
"1","
"
"1"," [673]"
"1"," 0.3699322"
"1"," 0.3676078"
"1"," 0.3760189"
"1"," 0.3781901"
"1"," 0.3464063"
"1"," 0.3666100"
"1"," 0.3637509"
"1"," 0.3633861"
"1"," 0.3628265"
"1"," 0.3724198"
"1"," 0.3476902"
"1"," 0.3643053"
"1"," 0.3530008"
"1"," 0.3695830"
"1","
"
"1"," [687]"
"1"," 0.3718267"
"1"," 0.3702008"
"1"," 0.3634443"
"1"," 0.3905290"
"1"," 0.3904034"
"1"," 0.3665812"
"1"," 0.3768414"
"1"," 0.3860114"
"1"," 0.3841978"
"1"," 0.4057642"
"1"," 0.3886822"
"1"," 0.3610972"
"1"," 0.3751010"
"1"," 0.3738779"
"1","
"
"1"," [701]"
"1"," 0.3744262"
"1"," 0.3659355"
"1"," 0.3787401"
"1"," 0.3602354"
"1"," 0.3780579"
"1"," 0.3761398"
"1"," 0.3653871"
"1"," 0.3765104"
"1"," 0.3650587"
"1"," 0.3716467"
"1"," 0.3767201"
"1"," 0.3661232"
"1"," 0.3694964"
"1"," 0.3587999"
"1","
"
"1"," [715]"
"1"," 0.3472317"
"1"," 0.3731824"
"1"," 0.3705786"
"1"," 0.3684874"
"1"," 0.3627576"
"1"," 0.3443825"
"1"," 0.3716059"
"1"," 0.3603407"
"1"," 0.3828968"
"1"," 0.3618409"
"1"," 0.3638575"
"1"," 0.3709483"
"1"," 0.3641706"
"1"," 0.3905629"
"1","
"
"1"," [729]"
"1"," 0.3488395"
"1"," 0.3760090"
"1"," 0.3603736"
"1"," 0.3805482"
"1"," 0.3648774"
"1"," 0.3910473"
"1"," 0.3730941"
"1"," 0.3681859"
"1"," 0.3524543"
"1"," 0.3585273"
"1"," 0.3895804"
"1"," 0.3618542"
"1"," 0.3624239"
"1"," 0.3764196"
"1","
"
"1"," [743]"
"1"," 0.3735837"
"1"," 0.3710519"
"1"," 0.3827200"
"1"," 0.3798491"
"1"," 0.3598554"
"1"," 0.3655152"
"1"," 0.3715134"
"1"," 0.3742003"
"1"," 0.3822397"
"1"," 0.3863110"
"1"," 0.3597812"
"1"," 0.3597146"
"1"," 0.3639736"
"1"," 0.3568280"
"1","
"
"1"," [757]"
"1"," 0.3852195"
"1"," 0.3527641"
"1"," 0.3585866"
"1"," 0.3676649"
"1"," 0.3678174"
"1"," 0.3614331"
"1"," 0.3883495"
"1"," 0.3610151"
"1"," 0.3596884"
"1"," 0.3820265"
"1"," 0.3627319"
"1"," 0.3630665"
"1"," 0.3483187"
"1"," 0.3557321"
"1","
"
"1"," [771]"
"1"," 0.3629886"
"1"," 0.3668403"
"1"," 0.3720380"
"1"," 0.3591793"
"1"," 0.3645461"
"1"," 0.3456503"
"1"," 0.3730403"
"1"," 0.3789687"
"1"," 0.3762045"
"1"," 0.3638212"
"1"," 0.3815679"
"1"," 0.3690822"
"1"," 0.3677552"
"1"," 0.3613874"
"1","
"
"1"," [785]"
"1"," 0.3719638"
"1"," 0.3759807"
"1"," 0.3673886"
"1"," 0.3652823"
"1"," 0.3649492"
"1"," 0.3843117"
"1"," 0.3893488"
"1"," 0.3812980"
"1"," 0.3559986"
"1"," 0.3820367"
"1"," 0.3669781"
"1"," 0.3850909"
"1"," 0.3703484"
"1"," 0.3656655"
"1","
"
"1"," [799]"
"1"," 0.3687785"
"1"," 0.3715310"
"1"," 0.3717624"
"1"," 0.3486585"
"1"," 0.3780521"
"1"," 0.3674207"
"1"," 0.3742029"
"1"," 0.3799383"
"1"," 0.3529483"
"1"," 0.3866861"
"1"," 0.3888254"
"1"," 0.3679725"
"1"," 0.3740375"
"1"," 0.3626712"
"1","
"
"1"," [813]"
"1"," 0.3748411"
"1"," 0.3608454"
"1"," 0.3855823"
"1"," 0.3750702"
"1"," 0.3657733"
"1"," 0.3722081"
"1"," 0.3619394"
"1"," 0.3683073"
"1"," 0.3642373"
"1"," 0.3802843"
"1"," 0.3697674"
"1"," 0.3812019"
"1"," 0.3719815"
"1"," 0.3812170"
"1","
"
"1"," [827]"
"1"," 0.3643912"
"1"," 0.3723457"
"1"," 0.3611885"
"1"," 0.3783605"
"1"," 0.3848315"
"1"," 0.3533445"
"1"," 0.3804251"
"1"," 0.3709609"
"1"," 0.3647355"
"1"," 0.3628228"
"1"," 0.3611199"
"1"," 0.3772025"
"1"," 0.3630024"
"1"," 0.3805894"
"1","
"
"1"," [841]"
"1"," 0.3831977"
"1"," 0.3778948"
"1"," 0.3651854"
"1"," 0.3535515"
"1"," 0.3587737"
"1"," 0.3534257"
"1"," 0.3719970"
"1"," 0.3720544"
"1"," 0.3726801"
"1"," 0.3673361"
"1"," 0.3496497"
"1"," 0.3917650"
"1"," 0.3747647"
"1"," 0.3644042"
"1","
"
"1"," [855]"
"1"," 0.3751526"
"1"," 0.3631449"
"1"," 0.3651721"
"1"," 0.3757771"
"1"," 0.3660115"
"1"," 0.3670366"
"1"," 0.3788283"
"1"," 0.3798379"
"1"," 0.3727880"
"1"," 0.3645454"
"1"," 0.3920123"
"1"," 0.3890011"
"1"," 0.3538933"
"1"," 0.3821001"
"1","
"
"1"," [869]"
"1"," 0.3863930"
"1"," 0.3537868"
"1"," 0.3441355"
"1"," 0.3639243"
"1"," 0.3700707"
"1"," 0.3844290"
"1"," 0.3582974"
"1"," 0.3806355"
"1"," 0.3814059"
"1"," 0.3684097"
"1"," 0.3668493"
"1"," 0.3721564"
"1"," 0.3777055"
"1"," 0.3777055"
"1","
"
"1"," [883]"
"1"," 0.3728442"
"1"," 0.3754783"
"1"," 0.3611553"
"1"," 0.3699675"
"1"," 0.3853621"
"1"," 0.3486611"
"1"," 0.3792834"
"1"," 0.3628876"
"1"," 0.3626194"
"1"," 0.3746339"
"1"," 0.3672222"
"1"," 0.3653824"
"1"," 0.3862492"
"1"," 0.3602864"
"1","
"
"1"," [897]"
"1"," 0.3906588"
"1"," 0.3665724"
"1"," 0.3656367"
"1"," 0.3653645"
"1"," 0.3763920"
"1"," 0.3633004"
"1"," 0.3690925"
"1"," 0.3786084"
"1"," 0.3623414"
"1"," 0.3760672"
"1"," 0.3626974"
"1"," 0.3803700"
"1"," 0.3866043"
"1"," 0.3617314"
"1","
"
"1"," [911]"
"1"," 0.3558522"
"1"," 0.3321249"
"1"," 0.3538930"
"1"," 0.3577918"
"1"," 0.3563506"
"1"," 0.3929949"
"1"," 0.3804581"
"1"," 0.3721258"
"1"," 0.3712410"
"1"," 0.3635540"
"1"," 0.3694483"
"1"," 0.3681682"
"1"," 0.3642899"
"1"," 0.3692385"
"1","
"
"1"," [925]"
"1"," 0.3722509"
"1"," 0.3775807"
"1"," 0.3722808"
"1"," 0.3749788"
"1"," 0.3685415"
"1"," 0.3727256"
"1"," 0.3752941"
"1"," 0.3871866"
"1"," 0.3836150"
"1"," 0.3584768"
"1"," 0.3687819"
"1"," 0.3780051"
"1"," 0.3530848"
"1"," 0.3555287"
"1","
"
"1"," [939]"
"1"," 0.3793050"
"1"," 0.3583867"
"1"," 0.3536705"
"1"," 0.3849351"
"1"," 0.3693737"
"1"," 0.3629717"
"1"," 0.3777741"
"1"," 0.3818113"
"1"," 0.3740136"
"1"," 0.3669244"
"1"," 0.3642983"
"1"," 0.3663720"
"1"," 0.3749740"
"1"," 0.3690351"
"1","
"
"1"," [953]"
"1"," 0.3746025"
"1"," 0.3611360"
"1"," 0.3631635"
"1"," 0.3550542"
"1"," 0.3473379"
"1"," 0.3747084"
"1"," 0.3680446"
"1"," 0.3745363"
"1"," 0.3771974"
"1"," 0.3692498"
"1"," 0.3724709"
"1"," 0.3719358"
"1"," 0.3689842"
"1"," 0.3723568"
"1","
"
"1"," [967]"
"1"," 0.3544660"
"1"," 0.3847982"
"1"," 0.3641785"
"1"," 0.3672961"
"1"," 0.3721973"
"1"," 0.3715769"
"1"," 0.3701451"
"1"," 0.3820309"
"1"," 0.3605311"
"1"," 0.3551265"
"1"," 0.3670925"
"1"," 0.3691428"
"1"," 0.3750456"
"1"," 0.3679175"
"1","
"
"1"," [981]"
"1"," 0.3657197"
"1"," 0.3722775"
"1"," 0.3637849"
"1"," 0.3728875"
"1"," 0.3863434"
"1"," 0.3849420"
"1"," 0.3779911"
"1"," 0.3704006"
"1"," 0.3711265"
"1"," 0.3683166"
"1"," 0.3725250"
"1"," 0.3571884"
"1"," 0.3421658"
"1"," 0.3833981"
"1","
"
"1"," [995]"
"1"," 0.3732669"
"1"," 0.3729288"
"1"," 0.3490687"
"1"," 0.3782029"
"1"," 0.3848585"
"1"," 0.3855797"
"1","
"
"0","predict_singles_accuracy(""neg"", ""68"", -40, 10, 30)"
"1","   [1]"
"1"," 0.3489962"
"1"," 0.3453583"
"1"," 0.3536866"
"1"," 0.3473252"
"1"," 0.3696746"
"1"," 0.3491352"
"1"," 0.3623385"
"1"," 0.3590075"
"1"," 0.3397643"
"1"," 0.3596465"
"1"," 0.3414247"
"1"," 0.3389091"
"1"," 0.3451668"
"1"," 0.3534259"
"1","
"
"1","  [15]"
"1"," 0.3380736"
"1"," 0.3588458"
"1"," 0.3602948"
"1"," 0.3553512"
"1"," 0.3461254"
"1"," 0.3491123"
"1"," 0.3406310"
"1"," 0.3570428"
"1"," 0.3532457"
"1"," 0.3489637"
"1"," 0.3477764"
"1"," 0.3353704"
"1"," 0.3659282"
"1"," 0.3626820"
"1","
"
"1","  [29]"
"1"," 0.3491319"
"1"," 0.3364622"
"1"," 0.3267638"
"1"," 0.3275834"
"1"," 0.3269456"
"1"," 0.3807061"
"1"," 0.3203469"
"1"," 0.3236994"
"1"," 0.3460908"
"1"," 0.3578594"
"1"," 0.3375171"
"1"," 0.3604169"
"1"," 0.3432140"
"1"," 0.3477393"
"1","
"
"1","  [43]"
"1"," 0.3346728"
"1"," 0.3638304"
"1"," 0.3670024"
"1"," 0.3336452"
"1"," 0.3423287"
"1"," 0.3714322"
"1"," 0.3683323"
"1"," 0.3667075"
"1"," 0.3292704"
"1"," 0.3684001"
"1"," 0.3537913"
"1"," 0.3309954"
"1"," 0.3498150"
"1"," 0.3428663"
"1","
"
"1","  [57]"
"1"," 0.3695671"
"1"," 0.3531851"
"1"," 0.3482602"
"1"," 0.3446246"
"1"," 0.3577350"
"1"," 0.3418780"
"1"," 0.3542643"
"1"," 0.3467700"
"1"," 0.3347597"
"1"," 0.3577371"
"1"," 0.3422958"
"1"," 0.3452200"
"1"," 0.3582975"
"1"," 0.3417601"
"1","
"
"1","  [71]"
"1"," 0.3447403"
"1"," 0.3619101"
"1"," 0.3525788"
"1"," 0.3487430"
"1"," 0.3428759"
"1"," 0.3535195"
"1"," 0.3454178"
"1"," 0.3387047"
"1"," 0.3543078"
"1"," 0.3636941"
"1"," 0.3689119"
"1"," 0.3477231"
"1"," 0.3482495"
"1"," 0.3421117"
"1","
"
"1","  [85]"
"1"," 0.3555411"
"1"," 0.3413827"
"1"," 0.3515722"
"1"," 0.3582562"
"1"," 0.3435412"
"1"," 0.3420699"
"1"," 0.3426457"
"1"," 0.3448376"
"1"," 0.3486045"
"1"," 0.3369497"
"1"," 0.3385750"
"1"," 0.3523742"
"1"," 0.3658820"
"1"," 0.3569628"
"1","
"
"1","  [99]"
"1"," 0.3433531"
"1"," 0.3571277"
"1"," 0.3605466"
"1"," 0.3370969"
"1"," 0.3625530"
"1"," 0.3586444"
"1"," 0.3481141"
"1"," 0.3401220"
"1"," 0.3515035"
"1"," 0.3466302"
"1"," 0.3392041"
"1"," 0.3608904"
"1"," 0.3454063"
"1"," 0.3486166"
"1","
"
"1"," [113]"
"1"," 0.3546548"
"1"," 0.3538333"
"1"," 0.3555848"
"1"," 0.3465358"
"1"," 0.3474565"
"1"," 0.3496117"
"1"," 0.3409801"
"1"," 0.3283109"
"1"," 0.3666787"
"1"," 0.3352054"
"1"," 0.3347172"
"1"," 0.3665419"
"1"," 0.3258961"
"1"," 0.3490229"
"1","
"
"1"," [127]"
"1"," 0.3497669"
"1"," 0.3455437"
"1"," 0.3488032"
"1"," 0.3521316"
"1"," 0.3622390"
"1"," 0.3387492"
"1"," 0.3660792"
"1"," 0.3691327"
"1"," 0.3522034"
"1"," 0.3599726"
"1"," 0.3473418"
"1"," 0.3455651"
"1"," 0.3570236"
"1"," 0.3543661"
"1","
"
"1"," [141]"
"1"," 0.3279234"
"1"," 0.3742285"
"1"," 0.3321671"
"1"," 0.3474332"
"1"," 0.3389060"
"1"," 0.3365358"
"1"," 0.3435229"
"1"," 0.3495382"
"1"," 0.3482464"
"1"," 0.3585059"
"1"," 0.3425407"
"1"," 0.3520263"
"1"," 0.3472923"
"1"," 0.3594515"
"1","
"
"1"," [155]"
"1"," 0.3510198"
"1"," 0.3519329"
"1"," 0.3520030"
"1"," 0.3511416"
"1"," 0.3529948"
"1"," 0.3444004"
"1"," 0.3592206"
"1"," 0.3478058"
"1"," 0.3418958"
"1"," 0.3607961"
"1"," 0.3441032"
"1"," 0.3604491"
"1"," 0.3617762"
"1"," 0.3572412"
"1","
"
"1"," [169]"
"1"," 0.3447719"
"1"," 0.3576631"
"1"," 0.3656602"
"1"," 0.3367568"
"1"," 0.3457299"
"1"," 0.3352700"
"1"," 0.3554700"
"1"," 0.3418933"
"1"," 0.3561210"
"1"," 0.3436301"
"1"," 0.3661548"
"1"," 0.3338898"
"1"," 0.3692727"
"1"," 0.3576298"
"1","
"
"1"," [183]"
"1"," 0.3564220"
"1"," 0.3553083"
"1"," 0.3751698"
"1"," 0.3523682"
"1"," 0.3419160"
"1"," 0.3507872"
"1"," 0.3480684"
"1"," 0.3377822"
"1"," 0.3567004"
"1"," 0.3430363"
"1"," 0.3476219"
"1"," 0.3500501"
"1"," 0.3532651"
"1"," 0.3517616"
"1","
"
"1"," [197]"
"1"," 0.3558992"
"1"," 0.3386789"
"1"," 0.3393533"
"1"," 0.3392265"
"1"," 0.3372921"
"1"," 0.3598988"
"1"," 0.3298230"
"1"," 0.3672816"
"1"," 0.3442545"
"1"," 0.3514176"
"1"," 0.3618905"
"1"," 0.3534358"
"1"," 0.3470950"
"1"," 0.3551980"
"1","
"
"1"," [211]"
"1"," 0.3451819"
"1"," 0.3411805"
"1"," 0.3388706"
"1"," 0.3415253"
"1"," 0.3415253"
"1"," 0.3552733"
"1"," 0.3412783"
"1"," 0.3492702"
"1"," 0.3557283"
"1"," 0.3518038"
"1"," 0.3544344"
"1"," 0.3492218"
"1"," 0.3472141"
"1"," 0.3515442"
"1","
"
"1"," [225]"
"1"," 0.3505455"
"1"," 0.3550628"
"1"," 0.3581822"
"1"," 0.3589625"
"1"," 0.3448321"
"1"," 0.3487927"
"1"," 0.3485379"
"1"," 0.3467610"
"1"," 0.3413537"
"1"," 0.3397684"
"1"," 0.3334953"
"1"," 0.3603453"
"1"," 0.3571876"
"1"," 0.3358907"
"1","
"
"1"," [239]"
"1"," 0.3376348"
"1"," 0.3461303"
"1"," 0.3486471"
"1"," 0.3455363"
"1"," 0.3466014"
"1"," 0.3541957"
"1"," 0.3510669"
"1"," 0.3413976"
"1"," 0.3455173"
"1"," 0.3375659"
"1"," 0.3619577"
"1"," 0.3316566"
"1"," 0.3407701"
"1"," 0.3528011"
"1","
"
"1"," [253]"
"1"," 0.3544976"
"1"," 0.3347635"
"1"," 0.3601182"
"1"," 0.3499914"
"1"," 0.3590239"
"1"," 0.3446859"
"1"," 0.3467993"
"1"," 0.3395235"
"1"," 0.3407306"
"1"," 0.3472499"
"1"," 0.3466430"
"1"," 0.3480720"
"1"," 0.3554020"
"1"," 0.3580806"
"1","
"
"1"," [267]"
"1"," 0.3403258"
"1"," 0.3488985"
"1"," 0.3556564"
"1"," 0.3528415"
"1"," 0.3405855"
"1"," 0.3310894"
"1"," 0.3481117"
"1"," 0.3546719"
"1"," 0.3427624"
"1"," 0.3543851"
"1"," 0.3601183"
"1"," 0.3615403"
"1"," 0.3591336"
"1"," 0.3574711"
"1","
"
"1"," [281]"
"1"," 0.3474253"
"1"," 0.3583192"
"1"," 0.3464456"
"1"," 0.3496864"
"1"," 0.3730098"
"1"," 0.3524162"
"1"," 0.3544997"
"1"," 0.3403646"
"1"," 0.3549977"
"1"," 0.3395858"
"1"," 0.3329119"
"1"," 0.3479513"
"1"," 0.3539329"
"1"," 0.3372946"
"1","
"
"1"," [295]"
"1"," 0.3546659"
"1"," 0.3445862"
"1"," 0.3511438"
"1"," 0.3493066"
"1"," 0.3530367"
"1"," 0.3491285"
"1"," 0.3351210"
"1"," 0.3492495"
"1"," 0.3476146"
"1"," 0.3365191"
"1"," 0.3446091"
"1"," 0.3473466"
"1"," 0.3496187"
"1"," 0.3496258"
"1","
"
"1"," [309]"
"1"," 0.3397451"
"1"," 0.3350850"
"1"," 0.3697956"
"1"," 0.3661685"
"1"," 0.3448087"
"1"," 0.3291783"
"1"," 0.3684184"
"1"," 0.3495972"
"1"," 0.3302566"
"1"," 0.3660155"
"1"," 0.3527951"
"1"," 0.3527951"
"1"," 0.3531200"
"1"," 0.3454106"
"1","
"
"1"," [323]"
"1"," 0.3534798"
"1"," 0.3340312"
"1"," 0.3524318"
"1"," 0.3301421"
"1"," 0.3291238"
"1"," 0.3323053"
"1"," 0.3357775"
"1"," 0.3516335"
"1"," 0.3376797"
"1"," 0.3596216"
"1"," 0.3417774"
"1"," 0.3457471"
"1"," 0.3718723"
"1"," 0.3291030"
"1","
"
"1"," [337]"
"1"," 0.3327504"
"1"," 0.3321288"
"1"," 0.3505047"
"1"," 0.3315266"
"1"," 0.3427944"
"1"," 0.3408862"
"1"," 0.3466002"
"1"," 0.3325379"
"1"," 0.3596460"
"1"," 0.3407895"
"1"," 0.3276401"
"1"," 0.3323273"
"1"," 0.3493560"
"1"," 0.3549051"
"1","
"
"1"," [351]"
"1"," 0.3449956"
"1"," 0.3515261"
"1"," 0.3481539"
"1"," 0.3491190"
"1"," 0.3536267"
"1"," 0.3410794"
"1"," 0.3328901"
"1"," 0.3656536"
"1"," 0.3582495"
"1"," 0.3508066"
"1"," 0.3470689"
"1"," 0.3606260"
"1"," 0.3375402"
"1"," 0.3629913"
"1","
"
"1"," [365]"
"1"," 0.3566278"
"1"," 0.3608768"
"1"," 0.3627904"
"1"," 0.3532465"
"1"," 0.3434587"
"1"," 0.3366420"
"1"," 0.3465075"
"1"," 0.3422308"
"1"," 0.3579709"
"1"," 0.3473532"
"1"," 0.3473881"
"1"," 0.3491871"
"1"," 0.3548694"
"1"," 0.3396248"
"1","
"
"1"," [379]"
"1"," 0.3482689"
"1"," 0.3527327"
"1"," 0.3641482"
"1"," 0.3539291"
"1"," 0.3465750"
"1"," 0.3434041"
"1"," 0.3568081"
"1"," 0.3423098"
"1"," 0.3392882"
"1"," 0.3622470"
"1"," 0.3358741"
"1"," 0.3339417"
"1"," 0.3632548"
"1"," 0.3279868"
"1","
"
"1"," [393]"
"1"," 0.3611484"
"1"," 0.3651028"
"1"," 0.3569331"
"1"," 0.3439199"
"1"," 0.3528842"
"1"," 0.3468093"
"1"," 0.3431293"
"1"," 0.3438984"
"1"," 0.3444714"
"1"," 0.3390135"
"1"," 0.3375079"
"1"," 0.3448402"
"1"," 0.3528928"
"1"," 0.3437291"
"1","
"
"1"," [407]"
"1"," 0.3394035"
"1"," 0.3534938"
"1"," 0.3342849"
"1"," 0.3652198"
"1"," 0.3350113"
"1"," 0.3379572"
"1"," 0.3572197"
"1"," 0.3552531"
"1"," 0.3513564"
"1"," 0.3610120"
"1"," 0.3319469"
"1"," 0.3595366"
"1"," 0.3587256"
"1"," 0.3602667"
"1","
"
"1"," [421]"
"1"," 0.3342942"
"1"," 0.3434233"
"1"," 0.3455328"
"1"," 0.3403854"
"1"," 0.3490546"
"1"," 0.3448117"
"1"," 0.3467712"
"1"," 0.3501486"
"1"," 0.3534205"
"1"," 0.3478577"
"1"," 0.3528152"
"1"," 0.3434449"
"1"," 0.3397113"
"1"," 0.3417401"
"1","
"
"1"," [435]"
"1"," 0.3519204"
"1"," 0.3428746"
"1"," 0.3498061"
"1"," 0.3416527"
"1"," 0.3567534"
"1"," 0.3409264"
"1"," 0.3534572"
"1"," 0.3423712"
"1"," 0.3454649"
"1"," 0.3544730"
"1"," 0.3463282"
"1"," 0.3532591"
"1"," 0.3502226"
"1"," 0.3514204"
"1","
"
"1"," [449]"
"1"," 0.3450634"
"1"," 0.3529069"
"1"," 0.3632165"
"1"," 0.3549589"
"1"," 0.3644668"
"1"," 0.3251374"
"1"," 0.3605913"
"1"," 0.3421700"
"1"," 0.3570038"
"1"," 0.3517252"
"1"," 0.3326277"
"1"," 0.3609489"
"1"," 0.3683109"
"1"," 0.3382970"
"1","
"
"1"," [463]"
"1"," 0.3769994"
"1"," 0.3696755"
"1"," 0.3624878"
"1"," 0.3388104"
"1"," 0.3445859"
"1"," 0.3502088"
"1"," 0.3428070"
"1"," 0.3471936"
"1"," 0.3565115"
"1"," 0.3504861"
"1"," 0.3339548"
"1"," 0.3318747"
"1"," 0.3618278"
"1"," 0.3587061"
"1","
"
"1"," [477]"
"1"," 0.3545531"
"1"," 0.3478783"
"1"," 0.3500317"
"1"," 0.3381078"
"1"," 0.3316157"
"1"," 0.3467223"
"1"," 0.3662681"
"1"," 0.3504386"
"1"," 0.3421153"
"1"," 0.3504066"
"1"," 0.3435062"
"1"," 0.3632104"
"1"," 0.3379426"
"1"," 0.3414800"
"1","
"
"1"," [491]"
"1"," 0.3549598"
"1"," 0.3375227"
"1"," 0.3560486"
"1"," 0.3370390"
"1"," 0.3558023"
"1"," 0.3482833"
"1"," 0.3430816"
"1"," 0.3499153"
"1"," 0.3476159"
"1"," 0.3409290"
"1"," 0.3570656"
"1"," 0.3572076"
"1"," 0.3561959"
"1"," 0.3550007"
"1","
"
"1"," [505]"
"1"," 0.3528313"
"1"," 0.3371019"
"1"," 0.3626453"
"1"," 0.3521859"
"1"," 0.3462873"
"1"," 0.3487494"
"1"," 0.3699444"
"1"," 0.3683189"
"1"," 0.3510524"
"1"," 0.3406680"
"1"," 0.3254030"
"1"," 0.3465531"
"1"," 0.3605375"
"1"," 0.3523927"
"1","
"
"1"," [519]"
"1"," 0.3705606"
"1"," 0.3530891"
"1"," 0.3268626"
"1"," 0.3764228"
"1"," 0.3227362"
"1"," 0.3296174"
"1"," 0.3509617"
"1"," 0.3418982"
"1"," 0.3532659"
"1"," 0.3442076"
"1"," 0.3314984"
"1"," 0.3506869"
"1"," 0.3416971"
"1"," 0.3591573"
"1","
"
"1"," [533]"
"1"," 0.3418264"
"1"," 0.3521175"
"1"," 0.3501178"
"1"," 0.3602039"
"1"," 0.3593843"
"1"," 0.3369326"
"1"," 0.3459520"
"1"," 0.3482377"
"1"," 0.3511626"
"1"," 0.3429656"
"1"," 0.3570040"
"1"," 0.3611167"
"1"," 0.3410682"
"1"," 0.3517208"
"1","
"
"1"," [547]"
"1"," 0.3341571"
"1"," 0.3589130"
"1"," 0.3534155"
"1"," 0.3522239"
"1"," 0.3593842"
"1"," 0.3411912"
"1"," 0.3570827"
"1"," 0.3467806"
"1"," 0.3499715"
"1"," 0.3393056"
"1"," 0.3623731"
"1"," 0.3510454"
"1"," 0.3663680"
"1"," 0.3495718"
"1","
"
"1"," [561]"
"1"," 0.3619451"
"1"," 0.3325144"
"1"," 0.3752500"
"1"," 0.3559285"
"1"," 0.3435955"
"1"," 0.3499587"
"1"," 0.3484964"
"1"," 0.3621515"
"1"," 0.3474546"
"1"," 0.3468818"
"1"," 0.3420303"
"1"," 0.3484614"
"1"," 0.3535524"
"1"," 0.3379171"
"1","
"
"1"," [575]"
"1"," 0.3547683"
"1"," 0.3526142"
"1"," 0.3387343"
"1"," 0.3465298"
"1"," 0.3508396"
"1"," 0.3357609"
"1"," 0.3446968"
"1"," 0.3473188"
"1"," 0.3554024"
"1"," 0.3543558"
"1"," 0.3402625"
"1"," 0.3565665"
"1"," 0.3570543"
"1"," 0.3387919"
"1","
"
"1"," [589]"
"1"," 0.3385778"
"1"," 0.3566164"
"1"," 0.3504900"
"1"," 0.3628208"
"1"," 0.3468260"
"1"," 0.3522516"
"1"," 0.3565643"
"1"," 0.3411246"
"1"," 0.3493928"
"1"," 0.3419466"
"1"," 0.3329745"
"1"," 0.3429191"
"1"," 0.3533984"
"1"," 0.3386825"
"1","
"
"1"," [603]"
"1"," 0.3472763"
"1"," 0.3392859"
"1"," 0.3206143"
"1"," 0.3246548"
"1"," 0.3620787"
"1"," 0.3369874"
"1"," 0.3577569"
"1"," 0.3711488"
"1"," 0.3683285"
"1"," 0.3680125"
"1"," 0.3542686"
"1"," 0.3545067"
"1"," 0.3450704"
"1"," 0.3632129"
"1","
"
"1"," [617]"
"1"," 0.3668974"
"1"," 0.3419256"
"1"," 0.3614830"
"1"," 0.3434759"
"1"," 0.3479353"
"1"," 0.3613111"
"1"," 0.3303934"
"1"," 0.3315482"
"1"," 0.3414997"
"1"," 0.3553196"
"1"," 0.3448667"
"1"," 0.3304273"
"1"," 0.3447646"
"1"," 0.3487698"
"1","
"
"1"," [631]"
"1"," 0.3516713"
"1"," 0.3383254"
"1"," 0.3542611"
"1"," 0.3551369"
"1"," 0.3398414"
"1"," 0.3572998"
"1"," 0.3565176"
"1"," 0.3420393"
"1"," 0.3511386"
"1"," 0.3594971"
"1"," 0.3291480"
"1"," 0.3407797"
"1"," 0.3455383"
"1"," 0.3252342"
"1","
"
"1"," [645]"
"1"," 0.3283706"
"1"," 0.3389818"
"1"," 0.3223796"
"1"," 0.3544760"
"1"," 0.3637033"
"1"," 0.3527126"
"1"," 0.3485591"
"1"," 0.3604156"
"1"," 0.3626895"
"1"," 0.3348536"
"1"," 0.3554234"
"1"," 0.3402471"
"1"," 0.3392905"
"1"," 0.3404751"
"1","
"
"1"," [659]"
"1"," 0.3539936"
"1"," 0.3399928"
"1"," 0.3413322"
"1"," 0.3482903"
"1"," 0.3420844"
"1"," 0.3655242"
"1"," 0.3383975"
"1"," 0.3457815"
"1"," 0.3506113"
"1"," 0.3545453"
"1"," 0.3432627"
"1"," 0.3569892"
"1"," 0.3445243"
"1"," 0.3407155"
"1","
"
"1"," [673]"
"1"," 0.3531307"
"1"," 0.3403310"
"1"," 0.3424414"
"1"," 0.3440819"
"1"," 0.3512769"
"1"," 0.3450047"
"1"," 0.3539356"
"1"," 0.3539967"
"1"," 0.3396356"
"1"," 0.3525180"
"1"," 0.3512723"
"1"," 0.3509141"
"1"," 0.3507638"
"1"," 0.3552432"
"1","
"
"1"," [687]"
"1"," 0.3406422"
"1"," 0.3526223"
"1"," 0.3450071"
"1"," 0.3467279"
"1"," 0.3423787"
"1"," 0.3590045"
"1"," 0.3663010"
"1"," 0.3500594"
"1"," 0.3405002"
"1"," 0.3401525"
"1"," 0.3501295"
"1"," 0.3580240"
"1"," 0.3522701"
"1"," 0.3490481"
"1","
"
"1"," [701]"
"1"," 0.3526231"
"1"," 0.3403778"
"1"," 0.3403614"
"1"," 0.3492144"
"1"," 0.3392852"
"1"," 0.3666265"
"1"," 0.3338544"
"1"," 0.3425918"
"1"," 0.3564270"
"1"," 0.3500849"
"1"," 0.3460364"
"1"," 0.3434283"
"1"," 0.3572390"
"1"," 0.3387582"
"1","
"
"1"," [715]"
"1"," 0.3525830"
"1"," 0.3519799"
"1"," 0.3414469"
"1"," 0.3568960"
"1"," 0.3554611"
"1"," 0.3512648"
"1"," 0.3556850"
"1"," 0.3552243"
"1"," 0.3426705"
"1"," 0.3522880"
"1"," 0.3340639"
"1"," 0.3557542"
"1"," 0.3405166"
"1"," 0.3566230"
"1","
"
"1"," [729]"
"1"," 0.3660761"
"1"," 0.3657584"
"1"," 0.3371529"
"1"," 0.3506165"
"1"," 0.3453832"
"1"," 0.3652456"
"1"," 0.3389111"
"1"," 0.3498976"
"1"," 0.3489220"
"1"," 0.3445599"
"1"," 0.3425613"
"1"," 0.3469042"
"1"," 0.3416937"
"1"," 0.3390055"
"1","
"
"1"," [743]"
"1"," 0.3543023"
"1"," 0.3440180"
"1"," 0.3556665"
"1"," 0.3401100"
"1"," 0.3514442"
"1"," 0.3433189"
"1"," 0.3414661"
"1"," 0.3400519"
"1"," 0.3558224"
"1"," 0.3591830"
"1"," 0.3467092"
"1"," 0.3512663"
"1"," 0.3410096"
"1"," 0.3425969"
"1","
"
"1"," [757]"
"1"," 0.3546423"
"1"," 0.3556570"
"1"," 0.3443490"
"1"," 0.3509399"
"1"," 0.3505570"
"1"," 0.3405383"
"1"," 0.3443856"
"1"," 0.3590260"
"1"," 0.3446544"
"1"," 0.3533881"
"1"," 0.3404364"
"1"," 0.3557825"
"1"," 0.3435457"
"1"," 0.3627668"
"1","
"
"1"," [771]"
"1"," 0.3366360"
"1"," 0.3601723"
"1"," 0.3389566"
"1"," 0.3557547"
"1"," 0.3391544"
"1"," 0.3586311"
"1"," 0.3310796"
"1"," 0.3334114"
"1"," 0.3594370"
"1"," 0.3369251"
"1"," 0.3313533"
"1"," 0.3643503"
"1"," 0.3592041"
"1"," 0.3495872"
"1","
"
"1"," [785]"
"1"," 0.3406591"
"1"," 0.3650630"
"1"," 0.3477129"
"1"," 0.3495873"
"1"," 0.3358709"
"1"," 0.3512453"
"1"," 0.3538724"
"1"," 0.3624965"
"1"," 0.3308822"
"1"," 0.3673185"
"1"," 0.3393059"
"1"," 0.3431321"
"1"," 0.3413396"
"1"," 0.3376462"
"1","
"
"1"," [799]"
"1"," 0.3622378"
"1"," 0.3504820"
"1"," 0.3553991"
"1"," 0.3524608"
"1"," 0.3602836"
"1"," 0.3468825"
"1"," 0.3412831"
"1"," 0.3526573"
"1"," 0.3577477"
"1"," 0.3390223"
"1"," 0.3426043"
"1"," 0.3540119"
"1"," 0.3336474"
"1"," 0.3349511"
"1","
"
"1"," [813]"
"1"," 0.3551055"
"1"," 0.3520712"
"1"," 0.3385765"
"1"," 0.3253907"
"1"," 0.3737378"
"1"," 0.3507844"
"1"," 0.3291536"
"1"," 0.3518855"
"1"," 0.3562389"
"1"," 0.3412160"
"1"," 0.3625167"
"1"," 0.3534842"
"1"," 0.3463193"
"1"," 0.3409858"
"1","
"
"1"," [827]"
"1"," 0.3458923"
"1"," 0.3466432"
"1"," 0.3573020"
"1"," 0.3603940"
"1"," 0.3578234"
"1"," 0.3542156"
"1"," 0.3585904"
"1"," 0.3623460"
"1"," 0.3385641"
"1"," 0.3481755"
"1"," 0.3563051"
"1"," 0.3435526"
"1"," 0.3429362"
"1"," 0.3438777"
"1","
"
"1"," [841]"
"1"," 0.3476260"
"1"," 0.3452724"
"1"," 0.3332697"
"1"," 0.3533905"
"1"," 0.3577824"
"1"," 0.3447073"
"1"," 0.3487674"
"1"," 0.3476614"
"1"," 0.3464435"
"1"," 0.3487349"
"1"," 0.3414449"
"1"," 0.3440224"
"1"," 0.3659786"
"1"," 0.3368153"
"1","
"
"1"," [855]"
"1"," 0.3496585"
"1"," 0.3476474"
"1"," 0.3553099"
"1"," 0.3421255"
"1"," 0.3500713"
"1"," 0.3389487"
"1"," 0.3409612"
"1"," 0.3423602"
"1"," 0.3407036"
"1"," 0.3591524"
"1"," 0.3460346"
"1"," 0.3387071"
"1"," 0.3409557"
"1"," 0.3500158"
"1","
"
"1"," [869]"
"1"," 0.3507707"
"1"," 0.3437064"
"1"," 0.3464259"
"1"," 0.3449096"
"1"," 0.3608934"
"1"," 0.3505170"
"1"," 0.3536771"
"1"," 0.3408025"
"1"," 0.3517103"
"1"," 0.3441293"
"1"," 0.3427463"
"1"," 0.3414798"
"1"," 0.3603025"
"1"," 0.3544639"
"1","
"
"1"," [883]"
"1"," 0.3511628"
"1"," 0.3524305"
"1"," 0.3476199"
"1"," 0.3665769"
"1"," 0.3300140"
"1"," 0.3515722"
"1"," 0.3710749"
"1"," 0.3248802"
"1"," 0.3354863"
"1"," 0.3533712"
"1"," 0.3399882"
"1"," 0.3564090"
"1"," 0.3517562"
"1"," 0.3524343"
"1","
"
"1"," [897]"
"1"," 0.3520201"
"1"," 0.3494741"
"1"," 0.3483692"
"1"," 0.3253236"
"1"," 0.3348037"
"1"," 0.3601852"
"1"," 0.3521498"
"1"," 0.3654868"
"1"," 0.3567543"
"1"," 0.3718778"
"1"," 0.3326344"
"1"," 0.3629510"
"1"," 0.3571588"
"1"," 0.3523973"
"1","
"
"1"," [911]"
"1"," 0.3451745"
"1"," 0.3515665"
"1"," 0.3267265"
"1"," 0.3436069"
"1"," 0.3535196"
"1"," 0.3557593"
"1"," 0.3494696"
"1"," 0.3501171"
"1"," 0.3519051"
"1"," 0.3483555"
"1"," 0.3467497"
"1"," 0.3658749"
"1"," 0.3505257"
"1"," 0.3390987"
"1","
"
"1"," [925]"
"1"," 0.3355261"
"1"," 0.3564365"
"1"," 0.3404066"
"1"," 0.3594327"
"1"," 0.3392623"
"1"," 0.3564094"
"1"," 0.3611002"
"1"," 0.3570037"
"1"," 0.3560316"
"1"," 0.3460995"
"1"," 0.3487873"
"1"," 0.3830670"
"1"," 0.3143095"
"1"," 0.3331649"
"1","
"
"1"," [939]"
"1"," 0.3368612"
"1"," 0.3419206"
"1"," 0.3417445"
"1"," 0.3521852"
"1"," 0.3643925"
"1"," 0.3659877"
"1"," 0.3310868"
"1"," 0.3651265"
"1"," 0.3487132"
"1"," 0.3434586"
"1"," 0.3502450"
"1"," 0.3619862"
"1"," 0.3633559"
"1"," 0.3319620"
"1","
"
"1"," [953]"
"1"," 0.3524323"
"1"," 0.3481389"
"1"," 0.3549920"
"1"," 0.3470759"
"1"," 0.3347541"
"1"," 0.3561889"
"1"," 0.3508469"
"1"," 0.3483451"
"1"," 0.3591106"
"1"," 0.3517506"
"1"," 0.3335563"
"1"," 0.3523391"
"1"," 0.3372452"
"1"," 0.3427529"
"1","
"
"1"," [967]"
"1"," 0.3554554"
"1"," 0.3678979"
"1"," 0.3647446"
"1"," 0.3547795"
"1"," 0.3703737"
"1"," 0.3514420"
"1"," 0.3529640"
"1"," 0.3543830"
"1"," 0.3404101"
"1"," 0.3560651"
"1"," 0.3431637"
"1"," 0.3515573"
"1"," 0.3474081"
"1"," 0.3442795"
"1","
"
"1"," [981]"
"1"," 0.3366870"
"1"," 0.3366817"
"1"," 0.3563403"
"1"," 0.3385809"
"1"," 0.3501485"
"1"," 0.3529927"
"1"," 0.3526392"
"1"," 0.3603032"
"1"," 0.3396266"
"1"," 0.3494686"
"1"," 0.3566867"
"1"," 0.3410309"
"1"," 0.3655527"
"1"," 0.3377300"
"1","
"
"1"," [995]"
"1"," 0.3451201"
"1"," 0.3569045"
"1"," 0.3430616"
"1"," 0.3575179"
"1"," 0.3412343"
"1"," 0.3401530"
"1","
"
"0","predict_singles_accuracy(""pos"", ""95"", 40, 10, 30)"
"1","   [1]"
"1"," 0.8341900"
"1"," 0.8349527"
"1"," 0.8387958"
"1"," 0.8200963"
"1"," 0.8285963"
"1"," 0.8257860"
"1"," 0.8452162"
"1"," 0.8376722"
"1"," 0.8241580"
"1"," 0.8256614"
"1"," 0.8359985"
"1"," 0.8295015"
"1"," 0.8502502"
"1"," 0.8265223"
"1","
"
"1","  [15]"
"1"," 0.8313697"
"1"," 0.8477827"
"1"," 0.8254958"
"1"," 0.8473588"
"1"," 0.8228487"
"1"," 0.8515821"
"1"," 0.8276431"
"1"," 0.8365782"
"1"," 0.8394639"
"1"," 0.8440456"
"1"," 0.8554466"
"1"," 0.8439237"
"1"," 0.8270235"
"1"," 0.8466452"
"1","
"
"1","  [29]"
"1"," 0.8436221"
"1"," 0.8395145"
"1"," 0.8348064"
"1"," 0.8400626"
"1"," 0.8409222"
"1"," 0.8352062"
"1"," 0.8292925"
"1"," 0.8456737"
"1"," 0.8489410"
"1"," 0.8285340"
"1"," 0.8557956"
"1"," 0.8363854"
"1"," 0.8352196"
"1"," 0.8409304"
"1","
"
"1","  [43]"
"1"," 0.8395797"
"1"," 0.8434817"
"1"," 0.8426220"
"1"," 0.8237910"
"1"," 0.8267387"
"1"," 0.8438762"
"1"," 0.8459651"
"1"," 0.8371132"
"1"," 0.8336014"
"1"," 0.8312117"
"1"," 0.8340087"
"1"," 0.8360371"
"1"," 0.8411286"
"1"," 0.8264543"
"1","
"
"1","  [57]"
"1"," 0.8467721"
"1"," 0.8298697"
"1"," 0.8435985"
"1"," 0.8421387"
"1"," 0.8420830"
"1"," 0.8299758"
"1"," 0.8339359"
"1"," 0.8343678"
"1"," 0.8482765"
"1"," 0.8437913"
"1"," 0.8262162"
"1"," 0.8171102"
"1"," 0.8472034"
"1"," 0.8504763"
"1","
"
"1","  [71]"
"1"," 0.8373318"
"1"," 0.8439190"
"1"," 0.8320214"
"1"," 0.8369710"
"1"," 0.8321478"
"1"," 0.8308421"
"1"," 0.8534212"
"1"," 0.8354962"
"1"," 0.8254511"
"1"," 0.8290340"
"1"," 0.8363814"
"1"," 0.8460148"
"1"," 0.8363007"
"1"," 0.8464324"
"1","
"
"1","  [85]"
"1"," 0.8374368"
"1"," 0.8403425"
"1"," 0.8449914"
"1"," 0.8252388"
"1"," 0.8234234"
"1"," 0.8331953"
"1"," 0.8563942"
"1"," 0.8438861"
"1"," 0.8451154"
"1"," 0.8492052"
"1"," 0.8418779"
"1"," 0.8401679"
"1"," 0.8272351"
"1"," 0.8367465"
"1","
"
"1","  [99]"
"1"," 0.8541920"
"1"," 0.8458895"
"1"," 0.8233627"
"1"," 0.8465790"
"1"," 0.8478867"
"1"," 0.8330112"
"1"," 0.8394020"
"1"," 0.8386494"
"1"," 0.8454756"
"1"," 0.8375586"
"1"," 0.8535100"
"1"," 0.8310405"
"1"," 0.8446984"
"1"," 0.8400908"
"1","
"
"1"," [113]"
"1"," 0.8251112"
"1"," 0.8387185"
"1"," 0.8572625"
"1"," 0.8188200"
"1"," 0.8492902"
"1"," 0.8390674"
"1"," 0.8422065"
"1"," 0.8523538"
"1"," 0.8280645"
"1"," 0.8510388"
"1"," 0.8480974"
"1"," 0.8440491"
"1"," 0.8431654"
"1"," 0.8439526"
"1","
"
"1"," [127]"
"1"," 0.8316219"
"1"," 0.8361534"
"1"," 0.8346735"
"1"," 0.8342867"
"1"," 0.8306215"
"1"," 0.8342275"
"1"," 0.8534919"
"1"," 0.8239703"
"1"," 0.8544602"
"1"," 0.8563858"
"1"," 0.8470883"
"1"," 0.8466676"
"1"," 0.8489993"
"1"," 0.8426368"
"1","
"
"1"," [141]"
"1"," 0.8306961"
"1"," 0.8419310"
"1"," 0.8611076"
"1"," 0.8395580"
"1"," 0.8422746"
"1"," 0.8325968"
"1"," 0.8517279"
"1"," 0.8505261"
"1"," 0.8493982"
"1"," 0.8513772"
"1"," 0.8472200"
"1"," 0.8295870"
"1"," 0.8388500"
"1"," 0.8487802"
"1","
"
"1"," [155]"
"1"," 0.8302883"
"1"," 0.8341021"
"1"," 0.8441647"
"1"," 0.8272459"
"1"," 0.8400891"
"1"," 0.8472746"
"1"," 0.8381490"
"1"," 0.8539294"
"1"," 0.8398226"
"1"," 0.8474509"
"1"," 0.8332517"
"1"," 0.8371714"
"1"," 0.8343465"
"1"," 0.8279988"
"1","
"
"1"," [169]"
"1"," 0.8308205"
"1"," 0.8417513"
"1"," 0.8349908"
"1"," 0.8358964"
"1"," 0.8256528"
"1"," 0.8531785"
"1"," 0.8291468"
"1"," 0.8442326"
"1"," 0.8450545"
"1"," 0.8417579"
"1"," 0.8377064"
"1"," 0.8333911"
"1"," 0.8349702"
"1"," 0.8358221"
"1","
"
"1"," [183]"
"1"," 0.8432454"
"1"," 0.8413124"
"1"," 0.8388578"
"1"," 0.8363312"
"1"," 0.8359894"
"1"," 0.8501573"
"1"," 0.8519485"
"1"," 0.8318477"
"1"," 0.8521385"
"1"," 0.8331425"
"1"," 0.8464069"
"1"," 0.8267446"
"1"," 0.8419044"
"1"," 0.8306882"
"1","
"
"1"," [197]"
"1"," 0.8399445"
"1"," 0.8351706"
"1"," 0.8417381"
"1"," 0.8392840"
"1"," 0.8394109"
"1"," 0.8454469"
"1"," 0.8334882"
"1"," 0.8357554"
"1"," 0.8294941"
"1"," 0.8517886"
"1"," 0.8305025"
"1"," 0.8340741"
"1"," 0.8352032"
"1"," 0.8267517"
"1","
"
"1"," [211]"
"1"," 0.8426031"
"1"," 0.8351050"
"1"," 0.8355169"
"1"," 0.8347153"
"1"," 0.8476178"
"1"," 0.8507672"
"1"," 0.8534945"
"1"," 0.8426988"
"1"," 0.8422766"
"1"," 0.8383723"
"1"," 0.8439048"
"1"," 0.8397756"
"1"," 0.8439503"
"1"," 0.8342754"
"1","
"
"1"," [225]"
"1"," 0.8460404"
"1"," 0.8414771"
"1"," 0.8209669"
"1"," 0.8514373"
"1"," 0.8435862"
"1"," 0.8483149"
"1"," 0.8345223"
"1"," 0.8483211"
"1"," 0.8354144"
"1"," 0.8466907"
"1"," 0.8491553"
"1"," 0.8323216"
"1"," 0.8458979"
"1"," 0.8298345"
"1","
"
"1"," [239]"
"1"," 0.8301205"
"1"," 0.8288835"
"1"," 0.8369728"
"1"," 0.8269639"
"1"," 0.8308040"
"1"," 0.8329481"
"1"," 0.8320516"
"1"," 0.8439882"
"1"," 0.8537577"
"1"," 0.8228638"
"1"," 0.8203971"
"1"," 0.8371558"
"1"," 0.8479558"
"1"," 0.8319462"
"1","
"
"1"," [253]"
"1"," 0.8376559"
"1"," 0.8390540"
"1"," 0.8502318"
"1"," 0.8316960"
"1"," 0.8321775"
"1"," 0.8411838"
"1"," 0.8403057"
"1"," 0.8431545"
"1"," 0.8470624"
"1"," 0.8257831"
"1"," 0.8310670"
"1"," 0.8465525"
"1"," 0.8402067"
"1"," 0.8315440"
"1","
"
"1"," [267]"
"1"," 0.8518488"
"1"," 0.8267015"
"1"," 0.8303693"
"1"," 0.8388509"
"1"," 0.8420994"
"1"," 0.8399322"
"1"," 0.8290574"
"1"," 0.8420330"
"1"," 0.8217860"
"1"," 0.8184604"
"1"," 0.8240730"
"1"," 0.8348097"
"1"," 0.8328297"
"1"," 0.8409209"
"1","
"
"1"," [281]"
"1"," 0.8505666"
"1"," 0.8383976"
"1"," 0.8438406"
"1"," 0.8300193"
"1"," 0.8562323"
"1"," 0.8582726"
"1"," 0.8575916"
"1"," 0.8438703"
"1"," 0.8468862"
"1"," 0.8355154"
"1"," 0.8314497"
"1"," 0.8487611"
"1"," 0.8440252"
"1"," 0.8393034"
"1","
"
"1"," [295]"
"1"," 0.8530294"
"1"," 0.8326512"
"1"," 0.8390532"
"1"," 0.8299531"
"1"," 0.8339099"
"1"," 0.8344775"
"1"," 0.8420744"
"1"," 0.8299531"
"1"," 0.8322947"
"1"," 0.8429190"
"1"," 0.8413569"
"1"," 0.8398429"
"1"," 0.8367503"
"1"," 0.8429769"
"1","
"
"1"," [309]"
"1"," 0.8497459"
"1"," 0.8232845"
"1"," 0.8338936"
"1"," 0.8528114"
"1"," 0.8351263"
"1"," 0.8330494"
"1"," 0.8222872"
"1"," 0.8299634"
"1"," 0.8403803"
"1"," 0.8233435"
"1"," 0.8472248"
"1"," 0.8508133"
"1"," 0.8476201"
"1"," 0.8453946"
"1","
"
"1"," [323]"
"1"," 0.8440107"
"1"," 0.8440107"
"1"," 0.8358229"
"1"," 0.8304196"
"1"," 0.8437582"
"1"," 0.8451331"
"1"," 0.8588999"
"1"," 0.8387201"
"1"," 0.8349936"
"1"," 0.8465274"
"1"," 0.8492505"
"1"," 0.8564566"
"1"," 0.8439151"
"1"," 0.8334324"
"1","
"
"1"," [337]"
"1"," 0.8432578"
"1"," 0.8387213"
"1"," 0.8311456"
"1"," 0.8320071"
"1"," 0.8232291"
"1"," 0.8204355"
"1"," 0.8233323"
"1"," 0.8390937"
"1"," 0.8340926"
"1"," 0.8353122"
"1"," 0.8406770"
"1"," 0.8370360"
"1"," 0.8368725"
"1"," 0.8448446"
"1","
"
"1"," [351]"
"1"," 0.8358634"
"1"," 0.8397111"
"1"," 0.8424878"
"1"," 0.8346706"
"1"," 0.8549165"
"1"," 0.8549935"
"1"," 0.8523213"
"1"," 0.8309204"
"1"," 0.8383936"
"1"," 0.8388718"
"1"," 0.8400531"
"1"," 0.8406158"
"1"," 0.8337007"
"1"," 0.8381416"
"1","
"
"1"," [365]"
"1"," 0.8389900"
"1"," 0.8332015"
"1"," 0.8538649"
"1"," 0.8474691"
"1"," 0.8392422"
"1"," 0.8267953"
"1"," 0.8256278"
"1"," 0.8444724"
"1"," 0.8452415"
"1"," 0.8455084"
"1"," 0.8429671"
"1"," 0.8430911"
"1"," 0.8461115"
"1"," 0.8376400"
"1","
"
"1"," [379]"
"1"," 0.8344799"
"1"," 0.8435734"
"1"," 0.8402453"
"1"," 0.8335815"
"1"," 0.8335815"
"1"," 0.8526748"
"1"," 0.8261100"
"1"," 0.8585317"
"1"," 0.8319715"
"1"," 0.8350021"
"1"," 0.8387676"
"1"," 0.8368746"
"1"," 0.8481941"
"1"," 0.8347100"
"1","
"
"1"," [393]"
"1"," 0.8338108"
"1"," 0.8434983"
"1"," 0.8274767"
"1"," 0.8358767"
"1"," 0.8357071"
"1"," 0.8346356"
"1"," 0.8402684"
"1"," 0.8367066"
"1"," 0.8346506"
"1"," 0.8304410"
"1"," 0.8343449"
"1"," 0.8270656"
"1"," 0.8283707"
"1"," 0.8389682"
"1","
"
"1"," [407]"
"1"," 0.8529980"
"1"," 0.8359515"
"1"," 0.8283928"
"1"," 0.8405933"
"1"," 0.8480257"
"1"," 0.8456711"
"1"," 0.8276100"
"1"," 0.8573458"
"1"," 0.8185485"
"1"," 0.8426394"
"1"," 0.8188604"
"1"," 0.8229139"
"1"," 0.8616208"
"1"," 0.8212776"
"1","
"
"1"," [421]"
"1"," 0.8401378"
"1"," 0.8200250"
"1"," 0.8356961"
"1"," 0.8292496"
"1"," 0.8359336"
"1"," 0.8550953"
"1"," 0.8154805"
"1"," 0.8201592"
"1"," 0.8221144"
"1"," 0.8346550"
"1"," 0.8370368"
"1"," 0.8377162"
"1"," 0.8366442"
"1"," 0.8249355"
"1","
"
"1"," [435]"
"1"," 0.8507176"
"1"," 0.8308764"
"1"," 0.8425518"
"1"," 0.8318150"
"1"," 0.8428805"
"1"," 0.8428805"
"1"," 0.8482445"
"1"," 0.8266564"
"1"," 0.8279500"
"1"," 0.8359445"
"1"," 0.8473666"
"1"," 0.8468930"
"1"," 0.8132826"
"1"," 0.8321400"
"1","
"
"1"," [449]"
"1"," 0.8352754"
"1"," 0.8307691"
"1"," 0.8343101"
"1"," 0.8439726"
"1"," 0.8190556"
"1"," 0.8300160"
"1"," 0.8330526"
"1"," 0.8337567"
"1"," 0.8575788"
"1"," 0.8433824"
"1"," 0.8353545"
"1"," 0.8313457"
"1"," 0.8361093"
"1"," 0.8434160"
"1","
"
"1"," [463]"
"1"," 0.8240585"
"1"," 0.8343411"
"1"," 0.8498112"
"1"," 0.8405775"
"1"," 0.8534421"
"1"," 0.8408633"
"1"," 0.8239285"
"1"," 0.8571557"
"1"," 0.8432093"
"1"," 0.8432093"
"1"," 0.8469667"
"1"," 0.8461463"
"1"," 0.8339021"
"1"," 0.8404051"
"1","
"
"1"," [477]"
"1"," 0.8404634"
"1"," 0.8432857"
"1"," 0.8407013"
"1"," 0.8443139"
"1"," 0.8347880"
"1"," 0.8400229"
"1"," 0.8473479"
"1"," 0.8451935"
"1"," 0.8295261"
"1"," 0.8486796"
"1"," 0.8490720"
"1"," 0.8469241"
"1"," 0.8474961"
"1"," 0.8232515"
"1","
"
"1"," [491]"
"1"," 0.8676428"
"1"," 0.8394384"
"1"," 0.8555902"
"1"," 0.8464562"
"1"," 0.8424133"
"1"," 0.8400489"
"1"," 0.8417517"
"1"," 0.8381227"
"1"," 0.8402777"
"1"," 0.8521446"
"1"," 0.8264115"
"1"," 0.8473159"
"1"," 0.8257988"
"1"," 0.8464289"
"1","
"
"1"," [505]"
"1"," 0.8469165"
"1"," 0.8404074"
"1"," 0.8338980"
"1"," 0.8247330"
"1"," 0.8510649"
"1"," 0.8537218"
"1"," 0.8411566"
"1"," 0.8629203"
"1"," 0.8388574"
"1"," 0.8408236"
"1"," 0.8232248"
"1"," 0.8396178"
"1"," 0.8562498"
"1"," 0.8314845"
"1","
"
"1"," [519]"
"1"," 0.8315321"
"1"," 0.8467725"
"1"," 0.8465793"
"1"," 0.8406550"
"1"," 0.8323171"
"1"," 0.8390754"
"1"," 0.8376642"
"1"," 0.8391224"
"1"," 0.8358095"
"1"," 0.8421255"
"1"," 0.8367859"
"1"," 0.8313743"
"1"," 0.8400601"
"1"," 0.8406965"
"1","
"
"1"," [533]"
"1"," 0.8371861"
"1"," 0.8455606"
"1"," 0.8343879"
"1"," 0.8464793"
"1"," 0.8427042"
"1"," 0.8257618"
"1"," 0.8455204"
"1"," 0.8323998"
"1"," 0.8279597"
"1"," 0.8458226"
"1"," 0.8474605"
"1"," 0.8389246"
"1"," 0.8389714"
"1"," 0.8343593"
"1","
"
"1"," [547]"
"1"," 0.8362384"
"1"," 0.8422905"
"1"," 0.8246539"
"1"," 0.8428311"
"1"," 0.8465398"
"1"," 0.8262293"
"1"," 0.8228943"
"1"," 0.8404358"
"1"," 0.8318666"
"1"," 0.8392114"
"1"," 0.8431628"
"1"," 0.8404955"
"1"," 0.8227632"
"1"," 0.8315218"
"1","
"
"1"," [561]"
"1"," 0.8494515"
"1"," 0.8526233"
"1"," 0.8311020"
"1"," 0.8297596"
"1"," 0.8225996"
"1"," 0.8547290"
"1"," 0.8291592"
"1"," 0.8418490"
"1"," 0.8386433"
"1"," 0.8466674"
"1"," 0.8356830"
"1"," 0.8399974"
"1"," 0.8233476"
"1"," 0.8340721"
"1","
"
"1"," [575]"
"1"," 0.8351779"
"1"," 0.8381772"
"1"," 0.8402361"
"1"," 0.8432791"
"1"," 0.8368867"
"1"," 0.8415073"
"1"," 0.8250225"
"1"," 0.8435893"
"1"," 0.8421324"
"1"," 0.8418445"
"1"," 0.8482369"
"1"," 0.8496767"
"1"," 0.8513845"
"1"," 0.8390643"
"1","
"
"1"," [589]"
"1"," 0.8291597"
"1"," 0.8349858"
"1"," 0.8381708"
"1"," 0.8301308"
"1"," 0.8356306"
"1"," 0.8308819"
"1"," 0.8428063"
"1"," 0.8559508"
"1"," 0.8506165"
"1"," 0.8498822"
"1"," 0.8384171"
"1"," 0.8301306"
"1"," 0.8355157"
"1"," 0.8336997"
"1","
"
"1"," [603]"
"1"," 0.8473685"
"1"," 0.8459725"
"1"," 0.8223942"
"1"," 0.8385625"
"1"," 0.8256919"
"1"," 0.8281039"
"1"," 0.8357758"
"1"," 0.8372117"
"1"," 0.8404415"
"1"," 0.8537414"
"1"," 0.8421291"
"1"," 0.8536962"
"1"," 0.8357665"
"1"," 0.8404643"
"1","
"
"1"," [617]"
"1"," 0.8472160"
"1"," 0.8375153"
"1"," 0.8285943"
"1"," 0.8365318"
"1"," 0.8485467"
"1"," 0.8297770"
"1"," 0.8466825"
"1"," 0.8368279"
"1"," 0.8238787"
"1"," 0.8316976"
"1"," 0.8362035"
"1"," 0.8284413"
"1"," 0.8472670"
"1"," 0.8373318"
"1","
"
"1"," [631]"
"1"," 0.8544584"
"1"," 0.8180864"
"1"," 0.8239587"
"1"," 0.8416142"
"1"," 0.8369167"
"1"," 0.8456987"
"1"," 0.8495081"
"1"," 0.8423070"
"1"," 0.8200190"
"1"," 0.8252097"
"1"," 0.8273634"
"1"," 0.8391327"
"1"," 0.8389297"
"1"," 0.8394127"
"1","
"
"1"," [645]"
"1"," 0.8429507"
"1"," 0.8394216"
"1"," 0.8261960"
"1"," 0.8506295"
"1"," 0.8274347"
"1"," 0.8416612"
"1"," 0.8427459"
"1"," 0.8501483"
"1"," 0.8511932"
"1"," 0.8238546"
"1"," 0.8388276"
"1"," 0.8381396"
"1"," 0.8513383"
"1"," 0.8480160"
"1","
"
"1"," [659]"
"1"," 0.8352428"
"1"," 0.8370057"
"1"," 0.8461389"
"1"," 0.8420063"
"1"," 0.8400729"
"1"," 0.8339656"
"1"," 0.8399309"
"1"," 0.8342091"
"1"," 0.8415505"
"1"," 0.8363428"
"1"," 0.8313858"
"1"," 0.8318492"
"1"," 0.8339306"
"1"," 0.8380437"
"1","
"
"1"," [673]"
"1"," 0.8532336"
"1"," 0.8339186"
"1"," 0.8517693"
"1"," 0.8479199"
"1"," 0.8440607"
"1"," 0.8242837"
"1"," 0.8308945"
"1"," 0.8422510"
"1"," 0.8424842"
"1"," 0.8263489"
"1"," 0.8223509"
"1"," 0.8492121"
"1"," 0.8561216"
"1"," 0.8431399"
"1","
"
"1"," [687]"
"1"," 0.8317928"
"1"," 0.8338662"
"1"," 0.8534019"
"1"," 0.8346991"
"1"," 0.8430441"
"1"," 0.8295851"
"1"," 0.8331612"
"1"," 0.8398522"
"1"," 0.8361431"
"1"," 0.8329277"
"1"," 0.8315069"
"1"," 0.8460602"
"1"," 0.8499885"
"1"," 0.8297562"
"1","
"
"1"," [701]"
"1"," 0.8463287"
"1"," 0.8386925"
"1"," 0.8501267"
"1"," 0.8358661"
"1"," 0.8340910"
"1"," 0.8386409"
"1"," 0.8488457"
"1"," 0.8469709"
"1"," 0.8386915"
"1"," 0.8379333"
"1"," 0.8286282"
"1"," 0.8262930"
"1"," 0.8284746"
"1"," 0.8427034"
"1","
"
"1"," [715]"
"1"," 0.8314499"
"1"," 0.8595336"
"1"," 0.8472548"
"1"," 0.8372674"
"1"," 0.8428882"
"1"," 0.8467221"
"1"," 0.8487374"
"1"," 0.8298542"
"1"," 0.8435366"
"1"," 0.8451514"
"1"," 0.8458641"
"1"," 0.8470067"
"1"," 0.8427128"
"1"," 0.8392430"
"1","
"
"1"," [729]"
"1"," 0.8233837"
"1"," 0.8236888"
"1"," 0.8437858"
"1"," 0.8341863"
"1"," 0.8490431"
"1"," 0.8353378"
"1"," 0.8235625"
"1"," 0.8429806"
"1"," 0.8445907"
"1"," 0.8530521"
"1"," 0.8244701"
"1"," 0.8385377"
"1"," 0.8305174"
"1"," 0.8311238"
"1","
"
"1"," [743]"
"1"," 0.8414955"
"1"," 0.8379710"
"1"," 0.8399919"
"1"," 0.8376727"
"1"," 0.8232379"
"1"," 0.8337479"
"1"," 0.8348019"
"1"," 0.8293178"
"1"," 0.8429397"
"1"," 0.8559627"
"1"," 0.8597016"
"1"," 0.8101933"
"1"," 0.8402397"
"1"," 0.8567825"
"1","
"
"1"," [757]"
"1"," 0.8462475"
"1"," 0.8622730"
"1"," 0.8371678"
"1"," 0.8351830"
"1"," 0.8485579"
"1"," 0.8444885"
"1"," 0.8456315"
"1"," 0.8387120"
"1"," 0.8391122"
"1"," 0.8377326"
"1"," 0.8495200"
"1"," 0.8456734"
"1"," 0.8501598"
"1"," 0.8243473"
"1","
"
"1"," [771]"
"1"," 0.8494164"
"1"," 0.8465866"
"1"," 0.8314420"
"1"," 0.8305163"
"1"," 0.8461515"
"1"," 0.8401125"
"1"," 0.8277542"
"1"," 0.8273608"
"1"," 0.8523022"
"1"," 0.8361630"
"1"," 0.8382072"
"1"," 0.8457521"
"1"," 0.8521965"
"1"," 0.8223000"
"1","
"
"1"," [785]"
"1"," 0.8552256"
"1"," 0.8445087"
"1"," 0.8325204"
"1"," 0.8355805"
"1"," 0.8418475"
"1"," 0.8476895"
"1"," 0.8534011"
"1"," 0.8455832"
"1"," 0.8325537"
"1"," 0.8294228"
"1"," 0.8395690"
"1"," 0.8402346"
"1"," 0.8473921"
"1"," 0.8442508"
"1","
"
"1"," [799]"
"1"," 0.8441696"
"1"," 0.8341339"
"1"," 0.8431074"
"1"," 0.8329970"
"1"," 0.8371888"
"1"," 0.8539202"
"1"," 0.8547929"
"1"," 0.8403385"
"1"," 0.8456424"
"1"," 0.8462954"
"1"," 0.8402890"
"1"," 0.8428988"
"1"," 0.8461581"
"1"," 0.8309226"
"1","
"
"1"," [813]"
"1"," 0.8411635"
"1"," 0.8259202"
"1"," 0.8426893"
"1"," 0.8389162"
"1"," 0.8388966"
"1"," 0.8463000"
"1"," 0.8391561"
"1"," 0.8453561"
"1"," 0.8293958"
"1"," 0.8342361"
"1"," 0.8407280"
"1"," 0.8429154"
"1"," 0.8225560"
"1"," 0.8258068"
"1","
"
"1"," [827]"
"1"," 0.8347350"
"1"," 0.8416057"
"1"," 0.8551764"
"1"," 0.8479954"
"1"," 0.8489385"
"1"," 0.8342592"
"1"," 0.8489586"
"1"," 0.8399209"
"1"," 0.8352522"
"1"," 0.8434305"
"1"," 0.8383864"
"1"," 0.8430117"
"1"," 0.8560084"
"1"," 0.8449724"
"1","
"
"1"," [841]"
"1"," 0.8328953"
"1"," 0.8506759"
"1"," 0.8402913"
"1"," 0.8444527"
"1"," 0.8374243"
"1"," 0.8520149"
"1"," 0.8497805"
"1"," 0.8444683"
"1"," 0.8377728"
"1"," 0.8366646"
"1"," 0.8366646"
"1"," 0.8348220"
"1"," 0.8354550"
"1"," 0.8371337"
"1","
"
"1"," [855]"
"1"," 0.8386505"
"1"," 0.8379335"
"1"," 0.8374612"
"1"," 0.8356521"
"1"," 0.8396895"
"1"," 0.8341340"
"1"," 0.8419499"
"1"," 0.8223821"
"1"," 0.8446824"
"1"," 0.8388773"
"1"," 0.8475535"
"1"," 0.8475559"
"1"," 0.8293705"
"1"," 0.8402698"
"1","
"
"1"," [869]"
"1"," 0.8377403"
"1"," 0.8341663"
"1"," 0.8300596"
"1"," 0.8368773"
"1"," 0.8251393"
"1"," 0.8430345"
"1"," 0.8364637"
"1"," 0.8303605"
"1"," 0.8317395"
"1"," 0.8454571"
"1"," 0.8327573"
"1"," 0.8424164"
"1"," 0.8539953"
"1"," 0.8401244"
"1","
"
"1"," [883]"
"1"," 0.8520945"
"1"," 0.8407077"
"1"," 0.8439263"
"1"," 0.8252934"
"1"," 0.8458124"
"1"," 0.8426461"
"1"," 0.8411696"
"1"," 0.8428418"
"1"," 0.8344439"
"1"," 0.8509367"
"1"," 0.8317338"
"1"," 0.8309408"
"1"," 0.8355684"
"1"," 0.8291440"
"1","
"
"1"," [897]"
"1"," 0.8421589"
"1"," 0.8416277"
"1"," 0.8375998"
"1"," 0.8477212"
"1"," 0.8296815"
"1"," 0.8355170"
"1"," 0.8273058"
"1"," 0.8419983"
"1"," 0.8456363"
"1"," 0.8434594"
"1"," 0.8461486"
"1"," 0.8510886"
"1"," 0.8536739"
"1"," 0.8406385"
"1","
"
"1"," [911]"
"1"," 0.8396889"
"1"," 0.8345275"
"1"," 0.8405875"
"1"," 0.8368899"
"1"," 0.8327013"
"1"," 0.8476057"
"1"," 0.8425123"
"1"," 0.8420306"
"1"," 0.8393607"
"1"," 0.8419017"
"1"," 0.8328193"
"1"," 0.8424841"
"1"," 0.8353777"
"1"," 0.8474821"
"1","
"
"1"," [925]"
"1"," 0.8423961"
"1"," 0.8535968"
"1"," 0.8535878"
"1"," 0.8551878"
"1"," 0.8535576"
"1"," 0.8314543"
"1"," 0.8377954"
"1"," 0.8361316"
"1"," 0.8313757"
"1"," 0.8457762"
"1"," 0.8366617"
"1"," 0.8331828"
"1"," 0.8239953"
"1"," 0.8471840"
"1","
"
"1"," [939]"
"1"," 0.8324004"
"1"," 0.8344975"
"1"," 0.8296615"
"1"," 0.8347999"
"1"," 0.8509540"
"1"," 0.8501813"
"1"," 0.8533471"
"1"," 0.8523470"
"1"," 0.8258800"
"1"," 0.8367764"
"1"," 0.8349119"
"1"," 0.8493009"
"1"," 0.8560708"
"1"," 0.8528136"
"1","
"
"1"," [953]"
"1"," 0.8353503"
"1"," 0.8297682"
"1"," 0.8442050"
"1"," 0.8308197"
"1"," 0.8388688"
"1"," 0.8368898"
"1"," 0.8287794"
"1"," 0.8444272"
"1"," 0.8434601"
"1"," 0.8439210"
"1"," 0.8366708"
"1"," 0.8494937"
"1"," 0.8418893"
"1"," 0.8270276"
"1","
"
"1"," [967]"
"1"," 0.8319478"
"1"," 0.8368091"
"1"," 0.8250952"
"1"," 0.8519121"
"1"," 0.8297964"
"1"," 0.8529027"
"1"," 0.8466584"
"1"," 0.8458577"
"1"," 0.8435457"
"1"," 0.8400416"
"1"," 0.8336750"
"1"," 0.8342670"
"1"," 0.8474814"
"1"," 0.8520646"
"1","
"
"1"," [981]"
"1"," 0.8441306"
"1"," 0.8561583"
"1"," 0.8397904"
"1"," 0.8563732"
"1"," 0.8558223"
"1"," 0.8368658"
"1"," 0.8319511"
"1"," 0.8400564"
"1"," 0.8482329"
"1"," 0.8400989"
"1"," 0.8527096"
"1"," 0.8368676"
"1"," 0.8373899"
"1"," 0.8347545"
"1","
"
"1"," [995]"
"1"," 0.8354855"
"1"," 0.8378463"
"1"," 0.8362202"
"1"," 0.8333261"
"1"," 0.8324498"
"1"," 0.8390476"
"1","
"
"0","predict_singles_accuracy(""neg"", ""95"", -40, 10, 30)"
"1","   [1]"
"1"," 0.8230807"
"1"," 0.8339022"
"1"," 0.8207268"
"1"," 0.8270644"
"1"," 0.8399042"
"1"," 0.8308673"
"1"," 0.8295116"
"1"," 0.8301028"
"1"," 0.8471707"
"1"," 0.8454410"
"1"," 0.8221063"
"1"," 0.8343151"
"1"," 0.8337943"
"1"," 0.8200172"
"1","
"
"1","  [15]"
"1"," 0.8232125"
"1"," 0.8300075"
"1"," 0.8266545"
"1"," 0.8295375"
"1"," 0.8306840"
"1"," 0.8367015"
"1"," 0.8354508"
"1"," 0.8293582"
"1"," 0.8338611"
"1"," 0.8244433"
"1"," 0.8468391"
"1"," 0.8175493"
"1"," 0.8285933"
"1"," 0.8389042"
"1","
"
"1","  [29]"
"1"," 0.8271902"
"1"," 0.8450749"
"1"," 0.8374552"
"1"," 0.8380459"
"1"," 0.8448125"
"1"," 0.8328814"
"1"," 0.8514525"
"1"," 0.8468858"
"1"," 0.8254045"
"1"," 0.8305707"
"1"," 0.8375261"
"1"," 0.8470154"
"1"," 0.8090336"
"1"," 0.8313450"
"1","
"
"1","  [43]"
"1"," 0.8166221"
"1"," 0.8260932"
"1"," 0.8290813"
"1"," 0.8342246"
"1"," 0.8230538"
"1"," 0.8380547"
"1"," 0.8405266"
"1"," 0.8382028"
"1"," 0.8406359"
"1"," 0.8402364"
"1"," 0.8393732"
"1"," 0.8288398"
"1"," 0.8338134"
"1"," 0.8351954"
"1","
"
"1","  [57]"
"1"," 0.8323638"
"1"," 0.8267627"
"1"," 0.8308231"
"1"," 0.8239722"
"1"," 0.8378454"
"1"," 0.8270824"
"1"," 0.8262047"
"1"," 0.8292913"
"1"," 0.8218719"
"1"," 0.8230810"
"1"," 0.8348154"
"1"," 0.8458176"
"1"," 0.8321609"
"1"," 0.8281249"
"1","
"
"1","  [71]"
"1"," 0.8385278"
"1"," 0.8329599"
"1"," 0.8487536"
"1"," 0.8421335"
"1"," 0.8251919"
"1"," 0.8223948"
"1"," 0.8299771"
"1"," 0.8470717"
"1"," 0.8381689"
"1"," 0.8454825"
"1"," 0.8454412"
"1"," 0.8378148"
"1"," 0.8237364"
"1"," 0.8434171"
"1","
"
"1","  [85]"
"1"," 0.8313296"
"1"," 0.8343875"
"1"," 0.8447505"
"1"," 0.8242849"
"1"," 0.8413642"
"1"," 0.8476727"
"1"," 0.8264282"
"1"," 0.8246357"
"1"," 0.8454028"
"1"," 0.8328191"
"1"," 0.8442126"
"1"," 0.8410922"
"1"," 0.8338472"
"1"," 0.8341432"
"1","
"
"1","  [99]"
"1"," 0.8260948"
"1"," 0.8200924"
"1"," 0.8447724"
"1"," 0.8334571"
"1"," 0.8125153"
"1"," 0.8520653"
"1"," 0.8370032"
"1"," 0.8302119"
"1"," 0.8370302"
"1"," 0.8355841"
"1"," 0.8313469"
"1"," 0.8271680"
"1"," 0.8362131"
"1"," 0.8373385"
"1","
"
"1"," [113]"
"1"," 0.8189022"
"1"," 0.8361026"
"1"," 0.8284736"
"1"," 0.8421761"
"1"," 0.8396541"
"1"," 0.8392303"
"1"," 0.8195175"
"1"," 0.8204417"
"1"," 0.8191671"
"1"," 0.8220289"
"1"," 0.8323678"
"1"," 0.8367881"
"1"," 0.8373257"
"1"," 0.8354263"
"1","
"
"1"," [127]"
"1"," 0.8215176"
"1"," 0.8469467"
"1"," 0.8424787"
"1"," 0.7986039"
"1"," 0.8568984"
"1"," 0.8556135"
"1"," 0.8130926"
"1"," 0.8431738"
"1"," 0.8331214"
"1"," 0.8295396"
"1"," 0.8293190"
"1"," 0.8227932"
"1"," 0.8351733"
"1"," 0.8157939"
"1","
"
"1"," [141]"
"1"," 0.8160165"
"1"," 0.8156287"
"1"," 0.8385849"
"1"," 0.8305386"
"1"," 0.8439918"
"1"," 0.8251875"
"1"," 0.8266504"
"1"," 0.8243179"
"1"," 0.8155021"
"1"," 0.8354582"
"1"," 0.8226648"
"1"," 0.8359668"
"1"," 0.8344723"
"1"," 0.8370383"
"1","
"
"1"," [155]"
"1"," 0.8309873"
"1"," 0.8325804"
"1"," 0.8221616"
"1"," 0.8448212"
"1"," 0.8232842"
"1"," 0.8404215"
"1"," 0.8117926"
"1"," 0.8346966"
"1"," 0.8276040"
"1"," 0.8317985"
"1"," 0.8211609"
"1"," 0.8388536"
"1"," 0.8292929"
"1"," 0.8196145"
"1","
"
"1"," [169]"
"1"," 0.8300832"
"1"," 0.8208752"
"1"," 0.8297567"
"1"," 0.8294261"
"1"," 0.8299649"
"1"," 0.8396462"
"1"," 0.8307865"
"1"," 0.8388712"
"1"," 0.8362954"
"1"," 0.8267728"
"1"," 0.8237020"
"1"," 0.8442826"
"1"," 0.8401323"
"1"," 0.8168468"
"1","
"
"1"," [183]"
"1"," 0.8415381"
"1"," 0.8359217"
"1"," 0.8380684"
"1"," 0.8230949"
"1"," 0.8415702"
"1"," 0.8230068"
"1"," 0.8266662"
"1"," 0.8320140"
"1"," 0.8365674"
"1"," 0.8225152"
"1"," 0.8220043"
"1"," 0.8391269"
"1"," 0.8385767"
"1"," 0.8194317"
"1","
"
"1"," [197]"
"1"," 0.8205457"
"1"," 0.8291007"
"1"," 0.8367130"
"1"," 0.8323633"
"1"," 0.8217933"
"1"," 0.8354832"
"1"," 0.8309830"
"1"," 0.8441323"
"1"," 0.8232208"
"1"," 0.8342292"
"1"," 0.8372546"
"1"," 0.8389354"
"1"," 0.8236442"
"1"," 0.8323118"
"1","
"
"1"," [211]"
"1"," 0.8460326"
"1"," 0.8461926"
"1"," 0.8160201"
"1"," 0.8224751"
"1"," 0.8330408"
"1"," 0.8293532"
"1"," 0.8458783"
"1"," 0.8315654"
"1"," 0.8410210"
"1"," 0.8330728"
"1"," 0.8414622"
"1"," 0.8474736"
"1"," 0.8206768"
"1"," 0.8196083"
"1","
"
"1"," [225]"
"1"," 0.8331786"
"1"," 0.8259596"
"1"," 0.8212957"
"1"," 0.8317264"
"1"," 0.8309076"
"1"," 0.8359627"
"1"," 0.8344053"
"1"," 0.8262343"
"1"," 0.8161033"
"1"," 0.8002031"
"1"," 0.8370341"
"1"," 0.8368461"
"1"," 0.8341437"
"1"," 0.8346515"
"1","
"
"1"," [239]"
"1"," 0.8288899"
"1"," 0.8304806"
"1"," 0.8368194"
"1"," 0.8330728"
"1"," 0.8232856"
"1"," 0.8470051"
"1"," 0.8281416"
"1"," 0.8363039"
"1"," 0.8326091"
"1"," 0.8294515"
"1"," 0.8315970"
"1"," 0.8308181"
"1"," 0.8351402"
"1"," 0.8284169"
"1","
"
"1"," [253]"
"1"," 0.8413624"
"1"," 0.8235335"
"1"," 0.8261365"
"1"," 0.8317851"
"1"," 0.8347503"
"1"," 0.8304887"
"1"," 0.8297805"
"1"," 0.8339851"
"1"," 0.8476087"
"1"," 0.8173119"
"1"," 0.8392183"
"1"," 0.8315313"
"1"," 0.8249406"
"1"," 0.8300574"
"1","
"
"1"," [267]"
"1"," 0.8289748"
"1"," 0.8381756"
"1"," 0.8267871"
"1"," 0.8319093"
"1"," 0.8388901"
"1"," 0.8378224"
"1"," 0.8337805"
"1"," 0.8216899"
"1"," 0.8383995"
"1"," 0.8276160"
"1"," 0.8474075"
"1"," 0.8445439"
"1"," 0.8399056"
"1"," 0.8333615"
"1","
"
"1"," [281]"
"1"," 0.8287746"
"1"," 0.8250089"
"1"," 0.8323002"
"1"," 0.8423562"
"1"," 0.8336289"
"1"," 0.8365363"
"1"," 0.8342440"
"1"," 0.8277940"
"1"," 0.8322804"
"1"," 0.8311414"
"1"," 0.8373393"
"1"," 0.8383489"
"1"," 0.8385891"
"1"," 0.8374637"
"1","
"
"1"," [295]"
"1"," 0.8192800"
"1"," 0.8350802"
"1"," 0.8420212"
"1"," 0.8333366"
"1"," 0.8358766"
"1"," 0.8315840"
"1"," 0.8379102"
"1"," 0.8332932"
"1"," 0.8452586"
"1"," 0.8320833"
"1"," 0.8305376"
"1"," 0.8180691"
"1"," 0.8438970"
"1"," 0.8269086"
"1","
"
"1"," [309]"
"1"," 0.8386944"
"1"," 0.8289344"
"1"," 0.8290596"
"1"," 0.8189804"
"1"," 0.8253914"
"1"," 0.8311463"
"1"," 0.8319441"
"1"," 0.8423719"
"1"," 0.8465907"
"1"," 0.8484894"
"1"," 0.8274192"
"1"," 0.8216593"
"1"," 0.8327343"
"1"," 0.8427821"
"1","
"
"1"," [323]"
"1"," 0.8380624"
"1"," 0.8341118"
"1"," 0.8331207"
"1"," 0.8325019"
"1"," 0.8219924"
"1"," 0.8157254"
"1"," 0.8370107"
"1"," 0.8239633"
"1"," 0.8339094"
"1"," 0.8263819"
"1"," 0.8336987"
"1"," 0.8327844"
"1"," 0.8306556"
"1"," 0.8251892"
"1","
"
"1"," [337]"
"1"," 0.8334420"
"1"," 0.8370641"
"1"," 0.8277919"
"1"," 0.8374102"
"1"," 0.8254366"
"1"," 0.8267843"
"1"," 0.8285888"
"1"," 0.8270768"
"1"," 0.8505604"
"1"," 0.8467559"
"1"," 0.8290552"
"1"," 0.8299036"
"1"," 0.8465165"
"1"," 0.8377512"
"1","
"
"1"," [351]"
"1"," 0.8339485"
"1"," 0.8341515"
"1"," 0.8201914"
"1"," 0.8275544"
"1"," 0.8293606"
"1"," 0.8315955"
"1"," 0.8292352"
"1"," 0.8323325"
"1"," 0.8367279"
"1"," 0.8401056"
"1"," 0.8424456"
"1"," 0.8214057"
"1"," 0.8418293"
"1"," 0.8318220"
"1","
"
"1"," [365]"
"1"," 0.8389413"
"1"," 0.8258259"
"1"," 0.8312288"
"1"," 0.8448530"
"1"," 0.8122413"
"1"," 0.8328858"
"1"," 0.8314985"
"1"," 0.8337092"
"1"," 0.8396171"
"1"," 0.8516735"
"1"," 0.8157338"
"1"," 0.8175003"
"1"," 0.8461453"
"1"," 0.8304477"
"1","
"
"1"," [379]"
"1"," 0.8406052"
"1"," 0.8389600"
"1"," 0.8460427"
"1"," 0.8237916"
"1"," 0.8144939"
"1"," 0.8268841"
"1"," 0.8281200"
"1"," 0.8388775"
"1"," 0.8237101"
"1"," 0.8336017"
"1"," 0.8260078"
"1"," 0.8222474"
"1"," 0.8196699"
"1"," 0.8358979"
"1","
"
"1"," [393]"
"1"," 0.8240655"
"1"," 0.8316056"
"1"," 0.8386800"
"1"," 0.8324572"
"1"," 0.8151517"
"1"," 0.8197706"
"1"," 0.8200150"
"1"," 0.8330037"
"1"," 0.8331659"
"1"," 0.8261393"
"1"," 0.8216272"
"1"," 0.8152674"
"1"," 0.8329246"
"1"," 0.8337036"
"1","
"
"1"," [407]"
"1"," 0.8423591"
"1"," 0.8351673"
"1"," 0.8282732"
"1"," 0.8258555"
"1"," 0.8197539"
"1"," 0.8253895"
"1"," 0.8198958"
"1"," 0.8200413"
"1"," 0.8474978"
"1"," 0.8402666"
"1"," 0.8372312"
"1"," 0.8352946"
"1"," 0.8158240"
"1"," 0.8297462"
"1","
"
"1"," [421]"
"1"," 0.8332778"
"1"," 0.8456502"
"1"," 0.8181510"
"1"," 0.8251880"
"1"," 0.8221164"
"1"," 0.8357219"
"1"," 0.8216327"
"1"," 0.8234094"
"1"," 0.8437519"
"1"," 0.8467736"
"1"," 0.8291588"
"1"," 0.8246639"
"1"," 0.8217746"
"1"," 0.8403794"
"1","
"
"1"," [435]"
"1"," 0.8249849"
"1"," 0.8275574"
"1"," 0.8222227"
"1"," 0.8358183"
"1"," 0.8372998"
"1"," 0.8472438"
"1"," 0.8488131"
"1"," 0.8453976"
"1"," 0.8432485"
"1"," 0.8416009"
"1"," 0.8457338"
"1"," 0.8424264"
"1"," 0.8298323"
"1"," 0.8317640"
"1","
"
"1"," [449]"
"1"," 0.8287590"
"1"," 0.8316413"
"1"," 0.8381747"
"1"," 0.8370724"
"1"," 0.8370069"
"1"," 0.8364023"
"1"," 0.8308390"
"1"," 0.8304795"
"1"," 0.8372483"
"1"," 0.8283365"
"1"," 0.8257166"
"1"," 0.8335682"
"1"," 0.8187742"
"1"," 0.8379359"
"1","
"
"1"," [463]"
"1"," 0.8313478"
"1"," 0.8211496"
"1"," 0.8325876"
"1"," 0.8383306"
"1"," 0.8328383"
"1"," 0.8332386"
"1"," 0.8209440"
"1"," 0.8267090"
"1"," 0.8391155"
"1"," 0.8315647"
"1"," 0.8179519"
"1"," 0.8365553"
"1"," 0.8344231"
"1"," 0.8337424"
"1","
"
"1"," [477]"
"1"," 0.8325696"
"1"," 0.8437210"
"1"," 0.8346297"
"1"," 0.8385562"
"1"," 0.8275880"
"1"," 0.8448941"
"1"," 0.8314598"
"1"," 0.8281078"
"1"," 0.8135152"
"1"," 0.8194784"
"1"," 0.8398348"
"1"," 0.8286965"
"1"," 0.8348843"
"1"," 0.8263736"
"1","
"
"1"," [491]"
"1"," 0.8174003"
"1"," 0.8399117"
"1"," 0.8494454"
"1"," 0.8438593"
"1"," 0.8203277"
"1"," 0.8209266"
"1"," 0.8359508"
"1"," 0.8285753"
"1"," 0.8460167"
"1"," 0.8260801"
"1"," 0.8426971"
"1"," 0.8159354"
"1"," 0.8120809"
"1"," 0.8267110"
"1","
"
"1"," [505]"
"1"," 0.8356699"
"1"," 0.8370862"
"1"," 0.8247148"
"1"," 0.8384769"
"1"," 0.8261607"
"1"," 0.8264139"
"1"," 0.8201759"
"1"," 0.8436369"
"1"," 0.8336206"
"1"," 0.8302098"
"1"," 0.8321750"
"1"," 0.8347326"
"1"," 0.8354719"
"1"," 0.8440875"
"1","
"
"1"," [519]"
"1"," 0.8460692"
"1"," 0.8260303"
"1"," 0.8530954"
"1"," 0.8559502"
"1"," 0.8401712"
"1"," 0.8373672"
"1"," 0.8384760"
"1"," 0.8438825"
"1"," 0.8368777"
"1"," 0.8406275"
"1"," 0.8207592"
"1"," 0.8310498"
"1"," 0.8474645"
"1"," 0.8180206"
"1","
"
"1"," [533]"
"1"," 0.8484490"
"1"," 0.8116864"
"1"," 0.8223150"
"1"," 0.8318922"
"1"," 0.8406851"
"1"," 0.8360475"
"1"," 0.8324208"
"1"," 0.8236557"
"1"," 0.8484548"
"1"," 0.8145897"
"1"," 0.8119220"
"1"," 0.8102849"
"1"," 0.8301767"
"1"," 0.8316149"
"1","
"
"1"," [547]"
"1"," 0.8424818"
"1"," 0.8311280"
"1"," 0.8335408"
"1"," 0.8423430"
"1"," 0.8282587"
"1"," 0.8263060"
"1"," 0.8344551"
"1"," 0.8389931"
"1"," 0.8427463"
"1"," 0.8345978"
"1"," 0.8269331"
"1"," 0.8164985"
"1"," 0.8476314"
"1"," 0.8358844"
"1","
"
"1"," [561]"
"1"," 0.8441039"
"1"," 0.8511281"
"1"," 0.8304263"
"1"," 0.8466223"
"1"," 0.8472877"
"1"," 0.8475759"
"1"," 0.8161402"
"1"," 0.8380701"
"1"," 0.8266588"
"1"," 0.8378808"
"1"," 0.8331808"
"1"," 0.8436462"
"1"," 0.8422537"
"1"," 0.8330331"
"1","
"
"1"," [575]"
"1"," 0.8265640"
"1"," 0.8353175"
"1"," 0.8389595"
"1"," 0.8278977"
"1"," 0.8210179"
"1"," 0.8172441"
"1"," 0.8345936"
"1"," 0.8159263"
"1"," 0.8354052"
"1"," 0.8568184"
"1"," 0.8567345"
"1"," 0.8087445"
"1"," 0.8196972"
"1"," 0.8461473"
"1","
"
"1"," [589]"
"1"," 0.8460514"
"1"," 0.8359944"
"1"," 0.8177765"
"1"," 0.8260070"
"1"," 0.8394971"
"1"," 0.8366662"
"1"," 0.8333177"
"1"," 0.8278469"
"1"," 0.8313057"
"1"," 0.8280038"
"1"," 0.8287625"
"1"," 0.8150145"
"1"," 0.8285675"
"1"," 0.8366899"
"1","
"
"1"," [603]"
"1"," 0.8275387"
"1"," 0.8349256"
"1"," 0.8378893"
"1"," 0.8345436"
"1"," 0.8292546"
"1"," 0.8164540"
"1"," 0.8410435"
"1"," 0.8320343"
"1"," 0.8251331"
"1"," 0.8366173"
"1"," 0.8427155"
"1"," 0.8281757"
"1"," 0.8308724"
"1"," 0.8295073"
"1","
"
"1"," [617]"
"1"," 0.8254275"
"1"," 0.8234837"
"1"," 0.8297342"
"1"," 0.8256139"
"1"," 0.8441293"
"1"," 0.8312415"
"1"," 0.8298106"
"1"," 0.8247462"
"1"," 0.8372642"
"1"," 0.8205500"
"1"," 0.8224115"
"1"," 0.8248519"
"1"," 0.8328069"
"1"," 0.8370160"
"1","
"
"1"," [631]"
"1"," 0.8278318"
"1"," 0.8334762"
"1"," 0.8229183"
"1"," 0.8304762"
"1"," 0.8287828"
"1"," 0.8342427"
"1"," 0.8375890"
"1"," 0.8456773"
"1"," 0.8252331"
"1"," 0.8150640"
"1"," 0.8136581"
"1"," 0.8253843"
"1"," 0.8430628"
"1"," 0.8299630"
"1","
"
"1"," [645]"
"1"," 0.8276011"
"1"," 0.8410241"
"1"," 0.8520049"
"1"," 0.8401681"
"1"," 0.8246403"
"1"," 0.8518484"
"1"," 0.8470522"
"1"," 0.8231986"
"1"," 0.8396521"
"1"," 0.8398688"
"1"," 0.8354159"
"1"," 0.8385544"
"1"," 0.8337978"
"1"," 0.8343314"
"1","
"
"1"," [659]"
"1"," 0.8286667"
"1"," 0.8361023"
"1"," 0.8408607"
"1"," 0.8510256"
"1"," 0.8129066"
"1"," 0.8261216"
"1"," 0.8328988"
"1"," 0.8327449"
"1"," 0.8430941"
"1"," 0.8171004"
"1"," 0.8364133"
"1"," 0.8372600"
"1"," 0.8381093"
"1"," 0.8359819"
"1","
"
"1"," [673]"
"1"," 0.8326956"
"1"," 0.8326448"
"1"," 0.8352558"
"1"," 0.8388783"
"1"," 0.8286784"
"1"," 0.8235531"
"1"," 0.8285064"
"1"," 0.8322238"
"1"," 0.8364956"
"1"," 0.8289635"
"1"," 0.8368471"
"1"," 0.8277730"
"1"," 0.8253336"
"1"," 0.8507874"
"1","
"
"1"," [687]"
"1"," 0.8199449"
"1"," 0.8180441"
"1"," 0.8200613"
"1"," 0.8509124"
"1"," 0.8437252"
"1"," 0.8423371"
"1"," 0.8320291"
"1"," 0.8329613"
"1"," 0.8357853"
"1"," 0.8370160"
"1"," 0.8293140"
"1"," 0.8340881"
"1"," 0.8315700"
"1"," 0.8258721"
"1","
"
"1"," [701]"
"1"," 0.8343361"
"1"," 0.8177444"
"1"," 0.8323765"
"1"," 0.8383409"
"1"," 0.8214185"
"1"," 0.8300542"
"1"," 0.8295104"
"1"," 0.8380459"
"1"," 0.8154817"
"1"," 0.8272498"
"1"," 0.8322112"
"1"," 0.8117579"
"1"," 0.8279421"
"1"," 0.8338246"
"1","
"
"1"," [715]"
"1"," 0.8480786"
"1"," 0.8183869"
"1"," 0.8218600"
"1"," 0.8329856"
"1"," 0.8234500"
"1"," 0.8153334"
"1"," 0.8302517"
"1"," 0.8170026"
"1"," 0.8407963"
"1"," 0.8275994"
"1"," 0.8246058"
"1"," 0.8300109"
"1"," 0.8355255"
"1"," 0.8278243"
"1","
"
"1"," [729]"
"1"," 0.8396103"
"1"," 0.8322342"
"1"," 0.8318917"
"1"," 0.8566697"
"1"," 0.8284110"
"1"," 0.8057692"
"1"," 0.8466315"
"1"," 0.8424186"
"1"," 0.8406540"
"1"," 0.8381279"
"1"," 0.8327514"
"1"," 0.8368503"
"1"," 0.8368505"
"1"," 0.8260136"
"1","
"
"1"," [743]"
"1"," 0.8300461"
"1"," 0.8365262"
"1"," 0.8203061"
"1"," 0.8231616"
"1"," 0.8355808"
"1"," 0.8386209"
"1"," 0.8265442"
"1"," 0.8230625"
"1"," 0.8265287"
"1"," 0.8343009"
"1"," 0.8263036"
"1"," 0.8313327"
"1"," 0.8306393"
"1"," 0.8234349"
"1","
"
"1"," [757]"
"1"," 0.8208424"
"1"," 0.8318313"
"1"," 0.8246215"
"1"," 0.8484961"
"1"," 0.8190072"
"1"," 0.8143232"
"1"," 0.8332650"
"1"," 0.8415961"
"1"," 0.8431240"
"1"," 0.8366554"
"1"," 0.8344984"
"1"," 0.8282605"
"1"," 0.8540124"
"1"," 0.8438980"
"1","
"
"1"," [771]"
"1"," 0.8413180"
"1"," 0.8592103"
"1"," 0.8573534"
"1"," 0.8294252"
"1"," 0.8295213"
"1"," 0.8277394"
"1"," 0.8249761"
"1"," 0.8275347"
"1"," 0.8319495"
"1"," 0.8334881"
"1"," 0.8248354"
"1"," 0.8277323"
"1"," 0.8392868"
"1"," 0.8410655"
"1","
"
"1"," [785]"
"1"," 0.8472792"
"1"," 0.8433161"
"1"," 0.8384035"
"1"," 0.8287975"
"1"," 0.8182401"
"1"," 0.8277256"
"1"," 0.8243214"
"1"," 0.8341531"
"1"," 0.8279523"
"1"," 0.8295183"
"1"," 0.8320345"
"1"," 0.8311300"
"1"," 0.8227681"
"1"," 0.8151905"
"1","
"
"1"," [799]"
"1"," 0.8372296"
"1"," 0.8205687"
"1"," 0.8258682"
"1"," 0.8289589"
"1"," 0.8343391"
"1"," 0.8383024"
"1"," 0.8339998"
"1"," 0.8250590"
"1"," 0.8189798"
"1"," 0.8424701"
"1"," 0.8330542"
"1"," 0.8370303"
"1"," 0.8267408"
"1"," 0.8110028"
"1","
"
"1"," [813]"
"1"," 0.8115469"
"1"," 0.8218444"
"1"," 0.8275595"
"1"," 0.8414337"
"1"," 0.8188497"
"1"," 0.8180498"
"1"," 0.8362226"
"1"," 0.8241817"
"1"," 0.8429875"
"1"," 0.8314545"
"1"," 0.8373094"
"1"," 0.8173386"
"1"," 0.8295897"
"1"," 0.8350171"
"1","
"
"1"," [827]"
"1"," 0.8325065"
"1"," 0.8356029"
"1"," 0.8259526"
"1"," 0.8223571"
"1"," 0.8368118"
"1"," 0.8497655"
"1"," 0.8319146"
"1"," 0.8224173"
"1"," 0.8483756"
"1"," 0.8402257"
"1"," 0.8197787"
"1"," 0.8298794"
"1"," 0.8407366"
"1"," 0.8340031"
"1","
"
"1"," [841]"
"1"," 0.8255838"
"1"," 0.8312804"
"1"," 0.8257203"
"1"," 0.8353934"
"1"," 0.8141414"
"1"," 0.8193480"
"1"," 0.8075048"
"1"," 0.8231658"
"1"," 0.8286530"
"1"," 0.8445838"
"1"," 0.8293962"
"1"," 0.8289124"
"1"," 0.8369743"
"1"," 0.8330615"
"1","
"
"1"," [855]"
"1"," 0.8196565"
"1"," 0.8336916"
"1"," 0.8174589"
"1"," 0.8158996"
"1"," 0.8322144"
"1"," 0.8207001"
"1"," 0.8125428"
"1"," 0.8241191"
"1"," 0.8298041"
"1"," 0.8358686"
"1"," 0.8182727"
"1"," 0.8338291"
"1"," 0.8266146"
"1"," 0.8443659"
"1","
"
"1"," [869]"
"1"," 0.8450782"
"1"," 0.8466411"
"1"," 0.8436786"
"1"," 0.8454922"
"1"," 0.8373393"
"1"," 0.8313433"
"1"," 0.8322563"
"1"," 0.8167619"
"1"," 0.8311889"
"1"," 0.8318541"
"1"," 0.8251866"
"1"," 0.8268409"
"1"," 0.8368636"
"1"," 0.8353815"
"1","
"
"1"," [883]"
"1"," 0.8359877"
"1"," 0.8327830"
"1"," 0.8365571"
"1"," 0.8391800"
"1"," 0.8362725"
"1"," 0.8249077"
"1"," 0.8447439"
"1"," 0.8329417"
"1"," 0.8366690"
"1"," 0.8179337"
"1"," 0.8423225"
"1"," 0.8225664"
"1"," 0.8345337"
"1"," 0.8259421"
"1","
"
"1"," [897]"
"1"," 0.8416909"
"1"," 0.8370541"
"1"," 0.8182580"
"1"," 0.8202268"
"1"," 0.8235081"
"1"," 0.8235081"
"1"," 0.8294319"
"1"," 0.8222855"
"1"," 0.8421899"
"1"," 0.8254188"
"1"," 0.8298113"
"1"," 0.8384507"
"1"," 0.8325392"
"1"," 0.8343094"
"1","
"
"1"," [911]"
"1"," 0.8244658"
"1"," 0.8455296"
"1"," 0.8370876"
"1"," 0.8297174"
"1"," 0.8172075"
"1"," 0.8333695"
"1"," 0.8218831"
"1"," 0.8148360"
"1"," 0.8216600"
"1"," 0.8181707"
"1"," 0.8461190"
"1"," 0.8208072"
"1"," 0.8241938"
"1"," 0.8080162"
"1","
"
"1"," [925]"
"1"," 0.8227867"
"1"," 0.8105378"
"1"," 0.8470582"
"1"," 0.8455243"
"1"," 0.8304937"
"1"," 0.8370483"
"1"," 0.8367459"
"1"," 0.8376558"
"1"," 0.8305598"
"1"," 0.8260668"
"1"," 0.8343500"
"1"," 0.8363541"
"1"," 0.8297203"
"1"," 0.8384847"
"1","
"
"1"," [939]"
"1"," 0.8171654"
"1"," 0.8264753"
"1"," 0.8234055"
"1"," 0.8280309"
"1"," 0.8260477"
"1"," 0.8275987"
"1"," 0.8359341"
"1"," 0.8194434"
"1"," 0.8362517"
"1"," 0.8135105"
"1"," 0.8494918"
"1"," 0.8312243"
"1"," 0.8309334"
"1"," 0.8249168"
"1","
"
"1"," [953]"
"1"," 0.8254674"
"1"," 0.8422562"
"1"," 0.8128346"
"1"," 0.8165939"
"1"," 0.8449300"
"1"," 0.8292484"
"1"," 0.8090185"
"1"," 0.8223282"
"1"," 0.8223283"
"1"," 0.8175727"
"1"," 0.8190553"
"1"," 0.8322623"
"1"," 0.8268511"
"1"," 0.8438950"
"1","
"
"1"," [967]"
"1"," 0.8495091"
"1"," 0.8279401"
"1"," 0.8341802"
"1"," 0.8288599"
"1"," 0.8212949"
"1"," 0.8348654"
"1"," 0.8231054"
"1"," 0.8256346"
"1"," 0.8369065"
"1"," 0.8408623"
"1"," 0.8316524"
"1"," 0.8387680"
"1"," 0.8418446"
"1"," 0.8491422"
"1","
"
"1"," [981]"
"1"," 0.8388912"
"1"," 0.8292738"
"1"," 0.8323103"
"1"," 0.8331482"
"1"," 0.8335062"
"1"," 0.8206545"
"1"," 0.8362013"
"1"," 0.8269662"
"1"," 0.8345943"
"1"," 0.8381809"
"1"," 0.8356159"
"1"," 0.8287178"
"1"," 0.8354467"
"1"," 0.8288313"
"1","
"
"1"," [995]"
"1"," 0.8321949"
"1"," 0.8405578"
"1"," 0.8459670"
"1"," 0.8398139"
"1"," 0.8304947"
"1"," 0.8372091"
"1","
"
